Feeder,Pf,QF,Pg,B,R,P_rsrv,P_0,Cost,time
feeder1,-3.7341583292194755,-0.1679499903348618,7.0931573924476465,0.24999997296168422,936771828898806e-21,0,-28.77937823002987,-87.39337855852403,2.278463125228882
feeder2,-2.270922617883419,-0.10885,4.44792168111159,0.24999997296168422,93677182889868e-20,0,-28.77937823002987,-87.39337855852403,2.278463125228882
feeder3,-2.800309486140185,-0.1365,5.530308549368356,0.24999997296168422,9367718288987211e-22,0,-28.77937823002987,-87.39337855852403,2.278463125228882
feeder4,-1.6689986464358275,-0.08655000000000002,3.3999977096639986,0.24999997296168422,9367718288986752e-22,0,-28.77937823002987,-87.39337855852403,2.278463125228882
feeder5,-1.513533383124326,-0.11409998967473073,3.7955325219399363,0.24999997228361695,8611843897756492e-22,0,-28.77937823002987,-87.39337855852403,2.278463125228882
feeder6,-3.7180441220892426,-0.2141,8.000043260904853,0.24999997228361695,8611843897755142e-22,0,-28.77937823002987,-87.39337855852403,2.278463125228882
feeder7,-2.2394993252001907,-0.1073,4.385498464015801,0.24999997228361695,8611843897756362e-22,0,-28.77937823002987,-87.39337855852403,2.278463125228882
feeder8,-3.513757918304476,-0.17075,6.9287570571200865,0.24999997228361695,861184389775663e-21,0,-28.77937823002987,-87.39337855852403,2.278463125228882
feeder9,-0.5954804791714323,-0.06404999101107217,1.876479609542173,0.2499999724416264,8696292592756813e-22,0,-28.77937823002987,-87.39337855852403,2.278463125228882
feeder10,-1.6173677584119859,-0.08610000000000001,3.3393668887827266,0.2499999724416264,8696292592757702e-22,0,-28.77937823002987,-87.39337855852403,2.278463125228882
feeder11,-2.658891251451831,-0.1321,5.300890381822572,0.2499999724416264,8696292592755952e-22,0,-28.77937823002987,-87.39337855852403,2.278463125228882
feeder12,-2.456173213903325,-0.10915,4.6391723442740656,0.2499999724416264,8696292592756355e-22,0,-28.77937823002987,-87.39337855852403,2.278463125228882
