Feeder,Pf,QF,Pg,B,R,P_rsrv,P_0,Cost,time
feeder1,1.837834157573017,0.08897461351956411,1.2661658481698632,0.24999999055661254,-5742880211852904e-24,0,15.244508936230538,81.92653177479228,2.4204041957855225
feeder2,1.0460294025590524,0.09200000000000001,0.7939706031838278,0.24999999055661254,-5742880211853872e-24,0,15.244508936230538,81.92653177479228,2.4204041957855225
feeder3,1.3518193111319685,-0.11695,0.9871806946109116,0.24999999055661254,-5742880211852904e-24,0,15.244508936230538,81.92653177479228,2.4204041957855225
feeder4,0.7660877384183078,-0.06865,0.6069122673245724,0.24999999055661254,-5742880211855474e-24,0,15.244508936230538,81.92653177479228,2.4204041957855225
feeder5,1.0638902132056167,0.03964358143058072,0.8591097939566126,0.249999990414607,-7162229260366196e-24,0,15.244508936230538,81.92653177479228,2.4204041957855225
feeder6,2.3439624586751004,0.1886,1.4280375484871288,0.249999990414607,-7162229260367939e-24,0,15.244508936230538,81.92653177479228,2.4204041957855225
feeder7,1.0111721809613432,-0.0897,0.782827826200886,0.249999990414607,-716222926037051e-23,0,15.244508936230538,81.92653177479228,2.4204041957855225
feeder8,1.6811910401075274,-0.1459,1.236808967054702,0.249999990414607,-71622292603681855e-25,0,15.244508936230538,81.92653177479228,2.4204041957855225
feeder9,0.6367770002007238,0.0460054376232088,0.5242230057020683,0.24999999054653685,-59027920669786645e-25,0,15.244508936230538,81.92653177479228,2.4204041957855225
feeder10,0.7926506570202038,-0.06949999999999999,0.5973493488825882,0.24999999054653685,-59027920669780656e-25,0,15.244508936230538,81.92653177479228,2.4204041957855225
feeder11,1.4877713375536425,0.1218,0.9482286683491494,0.24999999054653685,-5902792066979316e-24,0,15.244508936230538,81.92653177479228,2.4204041957855225
feeder12,1.2231401338069798,-0.10265,0.8298598720958121,0.24999999054653685,-5902792066978964e-24,0,15.244508936230538,81.92653177479228,2.4204041957855225
