Feeder,Pf,QF,Pg,B,R,P_rsrv,P_0,Cost,time
feeder1,3.6876181548832845,0.12689361953895623,0.4223821944039958,0.2499999649991875,-349287279769973e-21,0,30.673073847458618,96.08340382716413,2.194525957107544
feeder2,2.0451384759448024,0.1155,0.2648618733424775,0.2499999649991875,-34928727976997217e-23,0,30.673073847458618,96.08340382716413,2.194525957107544
feeder3,2.98768522470497,-0.16585000000000003,0.32931512458231027,0.24999996499918747,-3492872801030369e-22,0,30.673073847458618,96.08340382716413,2.194525957107544
feeder4,1.7355395535934386,-0.0969,0.2024607956938411,0.2499999649991875,-34928727976997005e-23,0,30.673073847458618,96.08340382716413,2.194525957107544
feeder5,2.6134086174853137,0.08220513234215679,0.2865917407620149,0.24999996412976436,-35824732866784516e-23,0,30.673073847458618,96.08340382716413,2.194525957107544
feeder6,3.6886191184646666,0.20825000000000002,0.4763812397826623,0.24999996412976436,-35824732866784754e-23,0,30.673073847458618,96.08340382716413,2.194525957107544
feeder7,2.2738556209979315,-0.12675,0.26114473724939713,0.24999996412976436,-3582473286678439e-22,0,30.673073847458618,96.08340382716413,2.194525957107544
feeder8,3.3994113547410643,-0.1906,0.4125890035062641,0.24999996412976436,-35824732866784727e-23,0,30.673073847458618,96.08340382716413,2.194525957107544
feeder9,1.6143602739188019,0.06085655656260007,0.17464006097665496,0.24999996636109773,-3348954569529792e-22,0,30.673073847458618,96.08340382716413,2.194525957107544
feeder10,1.643998885812364,-0.09215000000000001,0.19900144908309303,0.24999996636109773,-334895456952983e-21,0,30.673073847458618,96.08340382716413,2.194525957107544
feeder11,2.5931066632666258,0.14545,0.3158936716288311,0.24999996636109773,-33489545695298337e-23,0,30.673073847458618,96.08340382716413,2.194525957107544
feeder12,2.381540140552069,-0.1329,0.2764601943433884,0.24999996636109773,-33489545695298284e-23,0,30.673073847458618,96.08340382716413,2.194525957107544
