Feeder,Pf,QF,Pg,B,R,P_rsrv,P_0,Cost,time
feeder1,0.5157896029753739,0.10089931668154636,2.8642102776050997,0.2499999895342225,11941952630853884e-23,0,5.173627035485502,17.085903284690872,2.0322470664978027
feeder2,0.34494860859968685,0.10705,1.7960512719807868,0.2499999895342225,11941952630847788e-23,0,5.173627035485502,17.085903284690872,2.0322470664978027
feeder3,0.5038855371514441,-0.13685,2.2331143434290297,0.2499999895342225,11941952630856759e-23,0,5.173627035485502,17.085903284690872,2.0322470664978027
feeder4,0.3350957134262353,-0.0854,1.3729041671542384,0.2499999895342225,1194195263085269e-22,0,5.173627035485502,17.085903284690872,2.0322470664978027
feeder5,0.31859642115987,0.043913908046822714,1.9434034536149785,0.2499999895921722,12522515154178724e-23,0,5.173627035485502,17.085903284690872,2.0322470664978027
feeder6,1.0136174839008656,0.2122,3.2303823908739826,0.2499999895921722,1252251515418221e-22,0,5.173627035485502,17.085903284690872,2.0322470664978027
feeder7,0.3451548241495617,-0.1058,1.7708450506252869,0.2499999895921722,1252251515417623e-22,0,5.173627035485502,17.085903284690872,2.0322470664978027
feeder8,0.5051981557085234,-0.16515000000000002,2.797801719066325,0.2499999895921722,1252251515417259e-22,0,5.173627035485502,17.085903284690872,2.0322470664978027
feeder9,0.11557895805859983,0.049978414210346184,1.1834209181535318,0.2499999895721484,12378786831191059e-23,0,5.173627035485502,17.085903284690872,2.0322470664978027
feeder10,0.3054979605594462,-0.0827,1.3485019156526854,0.2499999895721484,12378786831186363e-23,0,5.173627035485502,17.085903284690872,2.0322470664978027
feeder11,0.5333962610285564,0.1337,2.1406036151835752,0.2499999895721484,12378786831191445e-23,0,5.173627035485502,17.085903284690872,2.0322470664978027
feeder12,0.33661099692760243,-0.1105,1.8733888792845292,0.2499999895721484,12378786831193864e-23,0,5.173627035485502,17.085903284690872,2.0322470664978027
