Feeder,Pf,QF,Pg,B,R,P_rsrv,P_0,Cost,time
feeder1,3.3609999685452108,0.09998339641166828,0,0.24999998378717941,3145478952580189e-23,0,30.081517993815474,94.4810344322421,1.9158461093902588
feeder2,2.0219999685452104,0.1011,0,0.24999998378717941,314547895256362e-22,0,30.081517993815474,94.4810344322421,1.9158461093902588
feeder3,2.7109999685452104,-0.13555,0,0.24999998378717941,31454789525724096e-24,0,30.081517993815474,94.4810344322421,1.9158461093902588
feeder4,1.6489999685452106,-0.08245000000000001,0,0.24999998378717941,31454789525832404e-24,0,30.081517993815474,94.4810344322421,1.9158461093902588
feeder5,2.581999998595539,0.08107671630091226,0,0.24999998153429992,1404461111686584e-24,0,30.081517993815474,94.4810344322421,1.9158461093902588
feeder6,3.631999998595539,0.1816,0,0.24999998153429992,14044611116772594e-25,0,30.081517993815474,94.4810344322421,1.9158461093902588
feeder7,2.302999998595539,-0.11515,0,0.24999998153429992,1404461111725149e-24,0,30.081517993815474,94.4810344322421,1.9158461093902588
feeder8,3.487999998595539,-0.1744,0,0.24999998153429992,14044611117684645e-25,0,30.081517993815474,94.4810344322421,1.9158461093902588
feeder9,1.7079999339708847,0.055315165239631287,0,0.249999986695663,6602911536087698e-23,0,30.081517993815474,94.4810344322421,1.9158461093902588
feeder10,1.6669999339708848,-0.08335000000000001,0,0.249999986695663,660291153609098e-22,0,30.081517993815474,94.4810344322421,1.9158461093902588
feeder11,2.5719999339708846,0.12860000000000002,0,0.249999986695663,6602911536081272e-23,0,30.081517993815474,94.4810344322421,1.9158461093902588
feeder12,2.3779999339708846,-0.1189,0,0.249999986695663,6602911536091642e-23,0,30.081517993815474,94.4810344322421,1.9158461093902588
