Feeder,Pf,QF,Pg,B,R,P_rsrv,P_0,Cost,time
feeder1,3.8590000605464034,0.1165677924608989,0,0.24999997100083643,-6054640325253784e-23,0,33.27539547041747,104.26290580730807,2.1089420318603516
feeder2,2.1770000605464035,0.10885,0,0.24999997100083643,-6054640325280492e-23,0,33.27539547041747,104.26290580730807,2.1089420318603516
feeder3,3.0960000605464035,-0.15480000000000002,0,0.24999997100083643,-6054640325265607e-23,0,33.27539547041747,104.26290580730807,2.1089420318603516
feeder4,1.8450000605464032,-0.09225,0,0.24999997100083643,-6054640325250374e-23,0,33.27539547041747,104.26290580730807,2.1089420318603516
feeder5,2.9350000605388207,0.07712782560976039,0,0.24999997070412067,-6053882055202148e-23,0,33.27539547041747,104.26290580730807,2.1089420318603516
feeder6,4.03100006053882,0.20155,0,0.24999997070412067,-6053882055164099e-23,0,33.27539547041747,104.26290580730807,2.1089420318603516
feeder7,2.5330000605388205,-0.12665,0,0.24999997070412067,-6053882055203377e-23,0,33.27539547041747,104.26290580730807,2.1089420318603516
feeder8,3.6870000605388205,-0.18435,0,0.24999997070412067,-605388205516938e-22,0,33.27539547041747,104.26290580730807,2.1089420318603516
feeder9,1.8680000591509611,0.05710761114464362,0,0.24999997143817962,-59150960956390736e-24,0,33.27539547041747,104.26290580730807,2.1089420318603516
feeder10,1.841000059150961,-0.09205,0,0.24999997143817962,-59150960955964056e-24,0,33.27539547041747,104.26290580730807,2.1089420318603516
feeder11,2.826000059150961,0.1413,0,0.24999997143817962,-59150960955974327e-24,0,33.27539547041747,104.26290580730807,2.1089420318603516
feeder12,2.567000059150961,-0.12835000000000002,0,0.24999997143817962,-59150960956305695e-24,0,33.27539547041747,104.26290580730807,2.1089420318603516
