Feeder,Pf,QF,Pg,B,R,P_rsrv,P_0,Cost,time
feeder1,-1.437263845456346,0.08490396586705427,4.7362638237112,0.24999997408251645,2174514615325091e-23,0,-12.210458584347975,-35.63418830198884,2.4217681884765625
feeder2,-0.7159539442252276,-0.11270000000000001,2.9699539224800815,0.24999997408251645,21745146153244917e-24,0,-12.210458584347975,-35.63418830198884,2.4217681884765625
feeder3,-1.1806823004081388,-0.12560000000000002,3.6926822786629927,0.24999997408251645,21745146153256627e-24,0,-12.210458584347975,-35.63418830198884,2.4217681884765625
feeder4,-0.5662370578694678,-0.0852,2.2702370361243216,0.24999997408251645,21745146153218503e-24,0,-12.210458584347975,-35.63418830198884,2.4217681884765625
feeder5,-1.0866158543204898,-0.10635,3.2136158348914208,0.2499999740817454,19429068704714157e-24,0,-12.210458584347975,-35.63418830198884,2.4217681884765625
feeder6,-1.5337667064712865,0.12826264263767356,5.341766687042218,0.2499999740817454,1942906870469276e-23,0,-12.210458584347975,-35.63418830198884,2.4217681884765625
feeder7,-0.9572728846066451,-0.09855000000000001,2.9282728651775765,0.2499999740817454,1942906870470168e-23,0,-12.210458584347975,-35.63418830198884,2.4217681884765625
feeder8,-1.2764504551666482,-0.1675,4.6264504357375795,0.2499999740817454,19429068704743704e-24,0,-12.210458584347975,-35.63418830198884,2.4217681884765625
feeder9,-0.6914173634929243,-0.02281004783161872,1.9564173435470158,0.2499999741544068,19945908366780522e-24,0,-12.210458584347975,-35.63418830198884,2.4217681884765625
feeder10,-0.5363272179332398,0.08465,2.2293271979873315,0.2499999741544068,1994590836678784e-23,0,-12.210458584347975,-35.63418830198884,2.4217681884765625
feeder11,-1.2148202500447407,-0.1162,3.5388202300988323,0.2499999741544068,1994590836678519e-23,0,-12.210458584347975,-35.63418830198884,2.4217681884765625
feeder12,-1.0150640526466697,-0.1041,3.0970640327007612,0.2499999741544068,19945908366812928e-24,0,-12.210458584347975,-35.63418830198884,2.4217681884765625
