Feeder,Pf,QF,Pg,B,R,P_rsrv,P_0,Cost,time
feeder1,3.1309998797714367,0.08865695014800423,0,0.24999997577214356,12022856308617476e-23,0,27.96335625011277,95.72788956288605,2.3400490283966064
feeder2,1.9639998797714369,0.09820000000000001,0,0.24999997577214356,12022856308641572e-23,0,27.96335625011277,95.72788956288605,2.3400490283966064
feeder3,2.5139998797714367,-0.1257,0,0.24999997577214356,12022856308625515e-23,0,27.96335625011277,95.72788956288605,2.3400490283966064
feeder4,1.501999879771437,-0.0751,0,0.24999997577214356,12022856308629854e-23,0,27.96335625011277,95.72788956288605,2.3400490283966064
feeder5,2.3739998805488702,0.07171359514273573,0,0.2499999755273314,11945112981211197e-23,0,27.96335625011277,95.72788956288605,2.3400490283966064
feeder6,3.4339998805488703,0.17170000000000002,0,0.2499999755273314,11945112981194944e-23,0,27.96335625011277,95.72788956288605,2.3400490283966064
feeder7,2.1119998805488702,-0.10560000000000001,0,0.2499999755273314,1194511298120646e-22,0,27.96335625011277,95.72788956288605,2.3400490283966064
feeder8,3.20899988054887,-0.16045,0,0.2499999755273314,11945112981189105e-23,0,27.96335625011277,95.72788956288605,2.3400490283966064
feeder9,1.5319998812837767,0.052840377763917104,0,0.24999997620867953,11871622324511127e-23,0,27.96335625011277,95.72788956288605,2.3400490283966064
feeder10,1.5369998812837766,-0.07685,0,0.24999997620867953,11871622324520287e-23,0,27.96335625011277,95.72788956288605,2.3400490283966064
feeder11,2.415999881283777,0.1208,0,0.24999997620867953,1187162232451815e-22,0,27.96335625011277,95.72788956288605,2.3400490283966064
feeder12,2.230999881283777,-0.11155,0,0.24999997620867953,11871622324521042e-23,0,27.96335625011277,95.72788956288605,2.3400490283966064
