Feeder,Pf,QF,Pg,B,R,P_rsrv,P_0,Cost,time
feeder1,3.3340000590561045,0.09921096887940778,0,0.24999997243203093,-5905610426944474e-23,0,29.88640738673095,99.57154727679195,2.348850965499878
feeder2,2.0160000590561045,0.1008,0,0.24999997243203093,-5905610426919708e-23,0,29.88640738673095,99.57154727679195,2.348850965499878
feeder3,2.6910000590561043,-0.13455,0,0.24999997243203093,-5905610426928922e-23,0,29.88640738673095,99.57154727679195,2.348850965499878
feeder4,1.6350000590561042,-0.08175,0,0.24999997243203093,-59056104269215807e-24,0,29.88640738673095,99.57154727679195,2.348850965499878
feeder5,2.5660000575050557,0.08034294064153791,0,0.24999997272127367,-5750505597010293e-23,0,29.88640738673095,99.57154727679195,2.348850965499878
feeder6,3.615000057505056,0.18075000000000002,0,0.24999997272127367,-5750505597011868e-23,0,29.88640738673095,99.57154727679195,2.348850965499878
feeder7,2.286000057505056,-0.11430000000000001,0,0.24999997272127367,-57505055969825837e-24,0,29.88640738673095,99.57154727679195,2.348850965499878
feeder8,3.462000057505056,-0.17310000000000003,0,0.24999997272127367,-57505055969784306e-24,0,29.88640738673095,99.57154727679195,2.348850965499878
feeder9,1.6900000618229092,0.05562793056106405,0,0.24999997248101818,-6182290926672084e-23,0,29.88640738673095,99.57154727679195,2.348850965499878
feeder10,1.6580000618229092,-0.0829,0,0.24999997248101818,-6182290926693171e-23,0,29.88640738673095,99.57154727679195,2.348850965499878
feeder11,2.5580000618229093,0.12789999999999999,0,0.24999997248101818,-6182290926683553e-23,0,29.88640738673095,99.57154727679195,2.348850965499878
feeder12,2.3670000618229095,-0.11835000000000001,0,0.24999997248101818,-6182290926686969e-23,0,29.88640738673095,99.57154727679195,2.348850965499878
