Feeder,Pf,QF,Pg,B,R,P_rsrv,P_0,Cost,time
feeder1,0.7624288282823511,0.10192342571713353,2.5075711570535955,0.2499999909864247,14664053417917515e-24,0,6.398300543622493,70.59991458175452,2.483297824859619
feeder2,0.37658535104006885,0.09745000000000001,1.5724146342958778,0.2499999909864247,14664053417927722e-24,0,6.398300543622493,70.59991458175452,2.483297824859619
feeder3,0.6049435075822306,-0.128,1.955056477753716,0.2499999909864247,14664053417914598e-24,0,6.398300543622493,70.59991458175452,2.483297824859619
feeder4,0.30604398463764826,-0.07540000000000001,1.2019560006982983,0.2499999909864247,14664053417937574e-24,0,6.398300543622493,70.59991458175452,2.483297824859619
feeder5,0.43458071573514223,0.041584117427260175,1.7014192685764105,0.24999999089730957,15688447408533048e-24,0,6.398300543622493,70.59991458175452,2.483297824859619
feeder6,1.2468510193992102,0.20375000000000001,2.8281489649123426,0.24999999089730957,15688447408524975e-24,0,6.398300543622493,70.59991458175452,2.483297824859619
feeder7,0.3916530002843539,-0.0971,1.5503469840271986,0.24999999089730957,15688447408498475e-24,0,6.398300543622493,70.59991458175452,2.483297824859619
feeder8,0.6065685924859441,-0.15280000000000002,2.4494313918256085,0.24999999089730957,15688447408521365e-24,0,6.398300543622493,70.59991458175452,2.483297824859619
feeder9,0.16741003670089372,0.04913399878154759,1.0365899484189827,0.2499999909263456,14880123578169486e-24,0,6.398300543622493,70.59991458175452,2.483297824859619
feeder10,0.2958113212511333,-0.07385000000000001,1.1811886638687432,0.2499999909263456,14880123578175567e-24,0,6.398300543622493,70.59991458175452,2.483297824859619
feeder11,0.7049883928170981,0.129,1.8750115923027784,0.2499999909263456,14880123578169254e-24,0,6.398300543622493,70.59991458175452,2.483297824859619
feeder12,0.5000488811256114,-0.10705,1.640951103994265,0.2499999909263456,14880123578176189e-24,0,6.398300543622493,70.59991458175452,2.483297824859619
