Feeder,Pf,QF,Pg,B,R,P_rsrv,P_0,Cost,time
feeder1,3.9667045987273575,0.12237976162151498,0.024295351136153442,0.24999999072365164,5013648906626023e-23,0,33.88950069378057,175.20871858684552,2.4623048305511475
feeder2,2.222765088672685,0.1119,0.015234861190825597,0.24999999072365164,5013648906626147e-23,0,33.88950069378057,175.20871858684552,2.4623048305511475
feeder3,3.22105773614382,-0.16200000000000003,0.01894221371969099,0.24999999072365164,50136489066324275e-24,0,33.88950069378057,175.20871858684552,2.4623048305511475
feeder4,1.903354400128267,-0.09575,0.011645549735244192,0.24999999072365164,50136489066521554e-24,0,33.88950069378057,175.20871858684552,2.4623048305511475
feeder5,2.9575152721732167,0.07926239915859903,0.016484693680114404,0.24999999063435652,3414666925343217e-23,0,33.88950069378057,175.20871858684552,2.4623048305511475
feeder6,4.076598505724648,0.20520000000000002,0.027401460128683303,0.24999999063435652,3414666925393179e-23,0,33.88950069378057,175.20871858684552,2.4623048305511475
feeder7,2.5359789144180995,-0.12755000000000002,0.015021051435231733,0.24999999063435652,34146669253876525e-24,0,33.88950069378057,175.20871858684552,2.4623048305511475
feeder8,3.7792678366572527,-0.19015,0.02373212919607824,0.24999999063435652,3414666925376625e-23,0,33.88950069378057,175.20871858684552,2.4623048305511475
feeder9,1.871698943427086,0.058076499247430746,0.01130098770875776,0.2499999910939227,688641560865272e-22,0,33.88950069378057,175.20871858684552,2.4623048305511475
feeder10,1.8661224052625307,-0.09395,0.012877525873313051,0.2499999910939227,6886415608654396e-23,0,33.88950069378057,175.20871858684552,2.4623048305511475
feeder11,2.8655582260710855,0.1443,0.02044170506475843,0.2499999910939227,6886415608655774e-23,0,33.88950069378057,175.20871858684552,2.4623048305511475
feeder12,2.6121099945449218,-0.1315,0.017889936590922056,0.2499999910939227,68864156086514e-21,0,33.88950069378057,175.20871858684552,2.4623048305511475
