Feeder,Pf,QF,Pg,B,R,P_rsrv,P_0,Cost,time
feeder1,-3.3016869661733503,-0.16754998861980241,6.56935445882861,0.2499999141248175,0.08333250734473983,0,-28.618088738892354,-82.22930830975069,2.4565930366516113
feeder2,-2.7226327796918386,-0.10845,4.808300272347099,0.2499999141248175,0.08333250734473986,0,-28.618088738892354,-82.22930830975069,2.4565930366516113
feeder3,-3.3527165731014557,-0.13545000000000001,5.978384065756716,0.2499999141248175,0.08333250734473982,0,-28.618088738892354,-82.22930830975069,2.4565930366516113
feeder4,-2.0268041287945353,-0.08660000000000001,3.6754716214497956,0.24999991412481748,0.0833325073447398,0,-28.618088738892354,-82.22930830975069,2.4565930366516113
feeder5,-0.051854460620694695,-0.11394998788547245,2.247521940121729,0.2499999219450438,0.08333252049896582,0,-28.618088738892354,-82.22930830975069,2.4565930366516113
feeder6,-4.468553633192681,-0.21315,8.648221112693715,0.2499999219450438,0.08333252049896582,0,-28.618088738892354,-82.22930830975069,2.4565930366516113
feeder7,-2.737151934755178,-0.10435000000000001,4.740819414256213,0.2499999219450438,0.08333252049896579,0,-28.618088738892354,-82.22930830975069,2.4565930366516113
feeder8,-4.13946989999784,-0.17170000000000002,7.490137379498874,0.2499999219450438,0.08333252049896582,0,-28.618088738892354,-82.22930830975069,2.4565930366516113
feeder9,0.3072907976792248,-0.063899989417424,0.8873766861325239,0.2499999193760596,0.08333251618825138,0,-28.618088738892354,-82.22930830975069,2.4565930366516113
feeder10,-1.9502069919776446,-0.08715,3.6098744757893932,0.2499999193760596,0.08333251618825138,0,-28.618088738892354,-82.22930830975069,2.4565930366516113
feeder11,-3.2376249714967855,-0.1288,5.730292455308534,0.2499999193760596,0.0833325161882514,0,-28.618088738892354,-82.22930830975069,2.4565930366516113
feeder12,-2.9443040338844058,-0.1077,5.0149715176961545,0.2499999193760596,0.08333251618825141,0,-28.618088738892354,-82.22930830975069,2.4565930366516113
