Feeder,Pf,QF,Pg,B,R,P_rsrv,P_0,Cost,time
feeder1,-2.551572441321757,-0.06948345176334744,5.805573021851699,0.24999990976377062,-5805299416785463e-22,0,-20.936880703850193,-71.63902680834074,2.51877498626709
feeder2,-1.4164816725920522,-0.11120000000000002,3.640482253121994,0.24999990976377062,-5805299416785469e-22,0,-20.936880703850193,-71.63902680834074,2.51877498626709
feeder3,-1.9423808559419469,-0.1292,4.526381436471889,0.24999990976377062,-5805299416786034e-22,0,-20.936880703850193,-71.63902680834074,2.51877498626709
feeder4,-1.0527892728188013,-0.08650000000000001,2.782789853348743,0.24999990976377062,-5805299416786892e-22,0,-20.936880703850193,-71.63902680834074,2.51877498626709
feeder5,-1.7371551096649394,0.04511860742916193,3.9391558541332845,0.24999989645903337,-744468345139695e-21,0,-20.936880703850193,-71.63902680834074,2.51877498626709
feeder6,-2.6537799053595275,-0.1947,6.547780649827873,0.24999989645903337,-7444683451396249e-22,0,-20.936880703850193,-71.63902680834074,2.51877498626709
feeder7,-1.5143900933112793,-0.10375000000000001,3.5893908377796246,0.24999989645903337,-7444683451396152e-22,0,-20.936880703850193,-71.63902680834074,2.51877498626709
feeder8,-2.228966262382292,-0.17210000000000003,5.6709670068506375,0.24999989645903337,-744468345139748e-21,0,-20.936880703850193,-71.63902680834074,2.51877498626709
feeder9,-1.1504157908138524,0.040040664674003745,2.3984165094342096,0.24999989824685198,-7186203571940401e-22,0,-20.936880703850193,-71.63902680834074,2.51877498626709
feeder10,-0.9709821911890362,-0.08810000000000001,2.7329829098093934,0.24999989824685198,-7186203571939827e-22,0,-20.936880703850193,-71.63902680834074,2.51877498626709
feeder11,-1.9933194788273092,-0.11725000000000002,4.338320197447667,0.24999989824685198,-7186203571939996e-22,0,-20.936880703850193,-71.63902680834074,2.51877498626709
feeder12,-1.7287605103271757,-0.1034,3.796761228947533,0.24999989824685198,-718620357194004e-21,0,-20.936880703850193,-71.63902680834074,2.51877498626709
