Feeder,Pf,QF,Pg,B,R,P_rsrv,P_0,Cost,time
feeder1,3.0589996690135277,0.08357908473048789,0,0.24999998260370423,3309864724156805e-22,0,27.059885627506926,84.76509172816544,2.3535189628601074
feeder2,1.9389996690135276,0.09695000000000001,0,0.24999998260370423,33098647241613775e-23,0,27.059885627506926,84.76509172816544,2.3535189628601074
feeder3,2.4339996690135277,-0.12170000000000002,0,0.24999998260370423,33098647241645475e-23,0,27.059885627506926,84.76509172816544,2.3535189628601074
feeder4,1.4409996690135276,-0.07205,0,0.24999998260370423,33098647241610185e-23,0,27.059885627506926,84.76509172816544,2.3535189628601074
feeder5,2.2659996666271156,0.06888405202945413,0,0.24999998256230146,33337288454507047e-23,0,27.059885627506926,84.76509172816544,2.3535189628601074
feeder6,3.3359996666271154,0.1668,0,0.24999998256230146,3333728845451795e-22,0,27.059885627506926,84.76509172816544,2.3535189628601074
feeder7,2.0319996666271156,-0.10160000000000001,0,0.24999998256230146,33337288454519467e-23,0,27.059885627506926,84.76509172816544,2.3535189628601074
feeder8,3.1049996666271156,-0.15525,0,0.24999998256230146,3333728845450526e-22,0,27.059885627506926,84.76509172816544,2.3535189628601074
feeder9,1.4709996769028812,0.05042752483503499,0,0.24999998286831504,323097118813889e-21,0,27.059885627506926,84.76509172816544,2.3535189628601074
feeder10,1.4659996769028811,-0.0733,0,0.24999998286831504,32309711881357065e-23,0,27.059885627506926,84.76509172816544,2.3535189628601074
feeder11,2.346999676902881,0.11735000000000001,0,0.24999998286831504,32309711881373243e-23,0,27.059885627506926,84.76509172816544,2.3535189628601074
feeder12,2.156999676902881,-0.10785,0,0.24999998286831504,32309711881371756e-23,0,27.059885627506926,84.76509172816544,2.3535189628601074
