Feeder,Pf,QF,Pg,B,R,P_rsrv,P_0,Cost,time
feeder1,2.9539997322700886,0.07696096975003777,0,0.24999997532270912,26772991176797536e-23,0,25.91331049265034,89.18497694553825,2.0371241569519043
feeder2,1.8959997322700881,0.0948,0,0.24999997532270912,26772991176813397e-23,0,25.91331049265034,89.18497694553825,2.0371241569519043
feeder3,2.3169997322700886,-0.11585000000000001,0,0.24999997532270912,2677299117683473e-22,0,25.91331049265034,89.18497694553825,2.0371241569519043
feeder4,1.3679997322700883,-0.0684,0,0.24999997532270912,26772991176805424e-23,0,25.91331049265034,89.18497694553825,2.0371241569519043
feeder5,2.1339997116732285,0.06528653852980001,0,0.2499999758739292,2883267715685119e-22,0,25.91331049265034,89.18497694553825,2.0371241569519043
feeder6,3.219999711673229,0.16100000000000003,0,0.2499999758739292,2883267715688917e-22,0,25.91331049265034,89.18497694553825,2.0371241569519043
feeder7,1.9349997116732285,-0.09675,0,0.2499999758739292,28832677156865e-20,0,25.91331049265034,89.18497694553825,2.0371241569519043
feeder8,2.9809997116732285,-0.14905,0,0.2499999758739292,2883267715685261e-22,0,25.91331049265034,89.18497694553825,2.0371241569519043
feeder9,1.3939997048559647,0.046932032124491874,0,0.2499999759724103,29514403520727363e-23,0,25.91331049265034,89.18497694553825,2.0371241569519043
feeder10,1.3789997048559648,-0.06895,0,0.2499999759724103,29514403520680554e-23,0,25.91331049265034,89.18497694553825,2.0371241569519043
feeder11,2.260999704855965,0.11305000000000001,0,0.2499999759724103,2951440352071288e-22,0,25.91331049265034,89.18497694553825,2.0371241569519043
feeder12,2.067999704855965,-0.1034,0,0.2499999759724103,29514403520674127e-23,0,25.91331049265034,89.18497694553825,2.0371241569519043
