Feeder,Pf,QF,Pg,B,R,P_rsrv,P_0,Cost,time
feeder1,2.6986772163135306,0.07760384806539797,0.2573228411402537,0.24999996930017437,-57453784538050935e-24,0,22.679969650123642,65.790811960067,2.294840097427368
feeder2,1.616641307135792,0.0889,0.16135875031799274,0.24999996930017437,-5745378453806462e-23,0,22.679969650123642,65.790811960067,2.294840097427368
feeder3,2.0363751947929885,-0.11185,0.20062486266079593,0.24999996930017437,-5745378453800478e-23,0,22.679969650123642,65.790811960067,2.294840097427368
feeder4,1.1586571973838398,-0.0641,0.12334286006994478,0.24999996930017437,-5745378453802698e-23,0,22.679969650123642,65.790811960067,2.294840097427368
feeder5,1.6574032660594287,0.03566342329008548,0.17459679597878086,0.24999996896941082,-620382094488997e-22,0,22.679969650123642,65.790811960067,2.294840097427368
feeder6,3.2337798028660916,0.17620000000000002,0.29022025917211763,0.24999996896941082,-6203820944890654e-23,0,22.679969650123642,65.790811960067,2.294840097427368
feeder7,1.5769058597549042,-0.0868,0.1590942022833052,0.24999996896941082,-6203820944888937e-23,0,22.679969650123642,65.790811960067,2.294840097427368
feeder8,2.5496432126715485,-0.14005,0.2513568493666607,0.24999996896941082,-6203820944886688e-23,0,22.679969650123642,65.790811960067,2.294840097427368
feeder9,1.017803962643991,0.03567980215564362,0.10719608493759214,0.24999997005089816,-4758158315490424e-23,0,22.679969650123642,65.790811960067,2.294840097427368
feeder10,1.1748504231125405,-0.06485,0.12214962446904257,0.24999997005089816,-4758158315492938e-23,0,22.679969650123642,65.790811960067,2.294840097427368
feeder11,2.169100487857789,0.11815,0.19389955972379408,0.24999997005089816,-475815831549159e-22,0,22.679969650123642,65.790811960067,2.294840097427368
feeder12,1.7853052585472433,-0.09775,0.16969478903434,0.24999997005089816,-47581583154916666e-24,0,22.679969650123642,65.790811960067,2.294840097427368
