Feeder,Pf,QF,Pg,B,R,P_rsrv,P_0,Cost,time
feeder1,2.930000301776885,0.07566331904130286,0,0.24999995301188313,-30177688493515256e-23,0,25.68719360860727,93.92950462880725,2.003324031829834
feeder2,1.885000301776885,0.09425,0,0.24999995301188313,-30177688493513636e-23,0,25.68719360860727,93.92950462880725,2.003324031829834
feeder3,2.290000301776885,-0.1145,0,0.24999995301188313,-3017768849349159e-22,0,25.68719360860727,93.92950462880725,2.003324031829834
feeder4,1.353000301776885,-0.06765,0,0.24999995301188313,-301776884935163e-21,0,25.68719360860727,93.92950462880725,2.003324031829834
feeder5,2.1100002998886978,0.06462842147903175,0,0.24999995184669824,-29988869797171e-20,0,25.68719360860727,93.92950462880725,2.003324031829834
feeder6,3.200000299888698,0.16000000000000003,0,0.24999995184669824,-29988869797176274e-23,0,25.68719360860727,93.92950462880725,2.003324031829834
feeder7,1.917000299888698,-0.09585,0,0.24999995184669824,-29988869797190313e-23,0,25.68719360860727,93.92950462880725,2.003324031829834
feeder8,2.9570002998886977,-0.14785,0,0.24999995184669824,-2998886979718754e-22,0,25.68719360860727,93.92950462880725,2.003324031829834
feeder9,1.3790003195027363,0.04610881425242373,0,0.24999995137707404,-3195027362873375e-22,0,25.68719360860727,93.92950462880725,2.003324031829834
feeder10,1.3630003195027363,-0.06815,0,0.24999995137707404,-31950273628733813e-23,0,25.68719360860727,93.92950462880725,2.003324031829834
feeder11,2.2450003195027364,0.11225000000000002,0,0.24999995137707404,-31950273628739197e-23,0,25.68719360860727,93.92950462880725,2.003324031829834
feeder12,2.0520003195027363,-0.10260000000000001,0,0.24999995137707404,-3195027362872818e-22,0,25.68719360860727,93.92950462880725,2.003324031829834
