Feeder,Pf,QF,Pg,B,R,P_rsrv,P_0,Cost,time
feeder1,1.566208926274529,0.10585676006150774,1.7617913768463254,0.24999996375730615,-3031208543977577e-22,0,14.319604935291915,43.18554188401786,1.8783769607543945
feeder2,1.0592393583819457,0.10820000000000002,1.1047609447389088,0.24999996375730615,-303120854397719e-21,0,14.319604935291915,43.18554188401786,1.8783769607543945
feeder3,1.2973994765498775,-0.13355,1.3736008265709767,0.24999996375730615,-30312085439773486e-23,0,14.319604935291915,43.18554188401786,1.8783769607543945
feeder4,0.8795194531568307,-0.0862,0.8444808499640237,0.24999996375730615,-30312085439779595e-23,0,14.319604935291915,43.18554188401786,1.8783769607543945
feeder5,1.064602223930966,0.05681614306491728,1.195398073652763,0.24999996400870728,-29758372917499856e-23,0,14.319604935291915,43.18554188401786,1.8783769607543945
feeder6,2.1849744494441032,0.2086,1.9870258481396257,0.24999996400870728,-29758372917491587e-23,0,14.319604935291915,43.18554188401786,1.8783769607543945
feeder7,0.9397438372392379,-0.10145,1.0892564603444912,0.24999996400870728,-29758372917501746e-23,0,14.319604935291915,43.18554188401786,1.8783769607543945
feeder8,1.7240571827810909,-0.17225000000000001,1.7209431148026382,0.24999996400870728,-2975837291749579e-22,0,14.319604935291915,43.18554188401786,1.8783769607543945
feeder9,0.5441385403242613,-0.0636,0.7278617751334258,0.2499999627762242,-31545768710500865e-23,0,14.319604935291915,43.18554188401786,1.8783769607543945
feeder10,0.9366056400934517,0.041755452515125524,0.8293946753642354,0.2499999627762242,-31545768710502914e-23,0,14.319604935291915,43.18554188401786,1.8783769607543945
feeder11,1.1594243285119212,0.12380000000000001,1.3165759869457658,0.2499999627762242,-315457687105049e-21,0,14.319604935291915,43.18554188401786,1.8783769607543945
feeder12,0.9617744688869612,-0.1057,1.1522258465707258,0.2499999627762242,-31545768710505577e-23,0,14.319604935291915,43.18554188401786,1.8783769607543945
