Feeder,Pf,QF,Pg,B,R,P_rsrv,P_0,Cost,time
feeder1,2.3138540790890896,0.08834529604980935,0.8281458253260867,0.2499999958274604,9558482373467373e-23,0,19.34599428783112,103.96859763518574,2.024001121520996
feeder2,1.3406970890002003,0.09300000000000001,0.5193028154149758,0.2499999958274604,9558482373468189e-23,0,19.34599428783112,103.96859763518574,2.024001121520996
feeder3,1.7293264852998524,-0.11875000000000001,0.6456734191153236,0.2499999958274604,9558482373463572e-23,0,19.34599428783112,103.96859763518574,2.024001121520996
feeder4,1.0020440878299046,-0.06995,0.39695581658527146,0.2499999958274604,9558482373468468e-23,0,19.34599428783112,103.96859763518574,2.024001121520996
feeder5,1.3960923388229554,0.03493200428295293,0.5619075669447664,0.24999999586444444,9423227814749466e-23,0,19.34599428783112,103.96859763518574,2.024001121520996
feeder6,2.8999805397182623,0.1917,0.9340193660494597,0.24999999586444444,9423227814746621e-23,0,19.34599428783112,103.96859763518574,2.024001121520996
feeder7,1.3049851126492633,-0.09085,0.5120147931184585,0.24999999586444444,9423227814748901e-23,0,19.34599428783112,103.96859763518574,2.024001121520996
feeder8,2.13805512097789,-0.14735,0.808944784789832,0.24999999586444444,9423227814746446e-23,0,19.34599428783112,103.96859763518574,2.024001121520996
feeder9,0.8263067585409293,0.04429814300975447,0.34269314654324834,0.24999999584830943,9491582240848315e-23,0,19.34599428783112,103.96859763518574,2.024001121520996
feeder10,1.0195027960731562,-0.0705,0.39049710901102147,0.24999999584830943,9491582240849097e-23,0,19.34599428783112,103.96859763518574,2.024001121520996
feeder11,1.840127205190277,0.123,0.6198726998939006,0.24999999584830943,9491582240847754e-23,0,19.34599428783112,103.96859763518574,2.024001121520996
feeder12,1.531506837093296,-0.1037,0.5424930679908815,0.24999999584830943,9491582240846914e-23,0,19.34599428783112,103.96859763518574,2.024001121520996
