Feeder,Pf,QF,Pg,B,R,P_rsrv,P_0,Cost,time
feeder1,-0.16094118639610877,0.058589862199632775,3.4659409426310255,0.24999999490959918,2437650834408285e-22,0,-0.46739645264107166,-1.3301324048077163,1.9094910621643066
feeder2,0.0026230909871178933,0.10880000000000001,2.173376665247799,0.24999999490959918,2437650834404387e-22,0,-0.46739645264107166,-1.3301324048077163,1.9094910621643066
feeder3,-0.05326085322207884,-0.13245,2.7022606094569954,0.24999999490959918,2437650834405147e-22,0,-0.46739645264107166,-1.3301324048077163,1.9094910621643066
feeder4,0.05666751752675349,-0.0859,1.661332238708163,0.24999999490959918,24376508344015175e-23,0,-0.46739645264107166,-1.3301324048077163,1.9094910621643066
feeder5,-0.10868564664538573,0.018601488851566733,2.3516854106119425,0.24999999418374355,23603344313323275e-23,0,-0.46739645264107166,-1.3301324048077163,1.9094910621643066
feeder6,0.17595896002005673,0.20425000000000001,3.9090408039465,0.24999999418374355,23603344313291625e-23,0,-0.46739645264107166,-1.3301324048077163,1.9094910621643066
feeder7,-0.09587520337999157,-0.10235000000000001,2.1428749673465486,0.24999999418374355,2360334431334742e-22,0,-0.46739645264107166,-1.3301324048077163,1.9094910621643066
feeder8,0.06541881476413579,-0.17255,3.385580949202421,0.24999999418374355,23603344313364253e-23,0,-0.46739645264107166,-1.3301324048077163,1.9094910621643066
feeder9,-0.17089540231515565,0.03793301732130648,1.4318951534556996,0.24999999537564813,24885945592277013e-23,0,-0.46739645264107166,-1.3301324048077163,1.9094910621643066
feeder10,0.14236266068646408,-0.0887,1.63163709045408,0.24999999537564813,24885945592233545e-23,0,-0.46739645264107166,-1.3301324048077163,1.9094910621643066
feeder11,-0.15305089243093772,0.12185,2.5900506435714816,0.24999999537564813,24885945592294574e-23,0,-0.46739645264107166,-1.3301324048077163,1.9094910621643066
feeder12,-0.1677310149076272,-0.10495000000000002,2.2667307660481715,0.24999999537564813,2488594559227202e-22,0,-0.46739645264107166,-1.3301324048077163,1.9094910621643066
