Feeder,Pf,QF,Pg,B,R,P_rsrv,P_0,Cost,time
feeder1,3.464000101809192,0.1038149725280738,0,0.24999997637896987,-10180919212551859e-23,0,30.806928917963127,96.96480876928895,1.9444880485534668
feeder2,2.049000101809192,0.10245,0,0.24999997637896987,-10180919212463027e-23,0,30.806928917963127,96.96480876928895,1.9444880485534668
feeder3,2.7930001018091923,-0.13965000000000002,0,0.24999997637896987,-10180919212538256e-23,0,30.806928917963127,96.96480876928895,1.9444880485534668
feeder4,1.6950001018091923,-0.08475,0,0.24999997637896987,-10180919212391985e-23,0,30.806928917963127,96.96480876928895,1.9444880485534668
feeder5,2.644000105928279,0.0839325028491682,0,0.24999997627565207,-10592827917811044e-23,0,30.806928917963127,96.96480876928895,1.9444880485534668
feeder6,3.698000105928279,0.1849,0,0.24999997627565207,-10592827917441701e-23,0,30.806928917963127,96.96480876928895,1.9444880485534668
feeder7,2.367000105928279,-0.11835000000000001,0,0.24999997627565207,-10592827917687835e-23,0,30.806928917963127,96.96480876928895,1.9444880485534668
feeder8,3.573000105928279,-0.17865,0,0.24999997627565207,-10592827917616242e-23,0,30.806928917963127,96.96480876928895,1.9444880485534668
feeder9,1.772000097890472,0.05540496449241078,0,0.2499999768664651,-9789047187119573e-23,0,30.806928917963127,96.96480876928895,1.9444880485534668
feeder10,1.700000097890472,-0.085,0,0.2499999768664651,-9789047187282682e-23,0,30.806928917963127,96.96480876928895,1.9444880485534668
feeder11,2.6220000978904716,0.1311,0,0.2499999768664651,-9789047187542295e-23,0,30.806928917963127,96.96480876928895,1.9444880485534668
feeder12,2.4210000978904715,-0.12104999999999999,0,0.2499999768664651,-9789047187395543e-23,0,30.806928917963127,96.96480876928895,1.9444880485534668
