Feeder,Pf,QF,Pg,B,R,P_rsrv,P_0,Cost,time
feeder1,3.9476859496679877,0.12438068435431027,0.07531416397049995,0.24999998475754032,-11363848776326586e-23,0,33.66957669771247,329.5690399094422,2.046081066131592
feeder2,2.2167730936117698,0.1132,0.04722702002671817,0.24999998475754032,-11363848776327183e-23,0,33.66957669771247,329.5690399094422,2.046081066131592
feeder3,3.237280556204716,-0.1648,0.058719557433771635,0.24999998475754032,-11363848776325503e-23,0,33.66957669771247,329.5690399094422,2.046081066131592
feeder4,1.8938997118245402,-0.0965,0.03610040181394757,0.24999998475754032,-11363848776326595e-23,0,33.66957669771247,329.5690399094422,2.046081066131592
feeder5,2.926898481323636,0.07942638570302829,0.05110163472721574,0.24999998440144652,-11605085152550877e-23,0,33.66957669771247,329.5690399094422,2.046081066131592
feeder6,4.0460574775817895,0.20655,0.08494263846906222,0.24999998440144652,-11605085152547936e-23,0,33.66957669771247,329.5690399094422,2.046081066131592
feeder7,2.5044358915352225,-0.12755000000000002,0.046564224515629436,0.24999998440144652,-11605085152549004e-23,0,33.66957669771247,329.5690399094422,2.046081066131592
feeder8,3.750432150660081,-0.1912,0.0735679653907705,0.24999998440144652,-11605085152550291e-23,0,33.66957669771247,329.5690399094422,2.046081066131592
feeder9,1.8434515143901242,0.05903673628862484,0.03154859890416972,0.24999998486868472,-11329429387349251e-23,0,33.66957669771247,329.5690399094422,2.046081066131592
feeder10,1.8480506272370087,-0.0942,0.035949486057284985,0.24999998486868472,-11329429387349178e-23,0,33.66957669771247,329.5690399094422,2.046081066131592
feeder11,2.838934121081024,0.1448,0.05706599221326995,0.24999998486868472,-11329429387349124e-23,0,33.66957669771247,329.5690399094422,2.046081066131592
feeder12,2.6050577538404585,-0.13275,0.049942359453835315,0.24999998486868472,-11329429387348965e-23,0,33.66957669771247,329.5690399094422,2.046081066131592
