Feeder,Pf,QF,Pg,B,R,P_rsrv,P_0,Cost,time
feeder1,2.2953756672624848,0.10074581612136553,1.0216242688590338,0.24999998100475487,6387848174618189e-23,0,20.577899921970808,58.56127352794192,1.8679919242858887
feeder2,1.5283731087063124,0.10845,0.6406268274152059,0.24999998100475487,6387848174559706e-23,0,20.577899921970808,58.56127352794192,1.8679919242858887
feeder3,1.8634787123657002,-0.133,0.7965212237558181,0.24999998100475487,6387848174773215e-23,0,20.577899921970808,58.56127352794192,1.8679919242858887
feeder4,1.2313038708309367,-0.08605000000000002,0.4896960652905815,0.24999998100475487,6387848174646767e-23,0,20.577899921970808,58.56127352794192,1.8679919242858887
feeder5,1.5588147676277875,0.052817068493312413,0.6931851285226074,0.24999998086786934,10384960499888512e-23,0,20.577899921970808,58.56127352794192,1.8679919242858887
feeder6,2.9787668532032305,0.20655,1.1522330429471646,0.24999998086786934,10384960499874185e-23,0,20.577899921970808,58.56127352794192,1.8679919242858887
feeder7,1.4033637817899955,-0.10175000000000001,0.6316361143603996,0.24999998086786934,10384960499730656e-23,0,20.577899921970808,58.56127352794192,1.8679919242858887
feeder8,2.4500624391391774,-0.1724,0.9979374570112175,0.24999998086786934,10384960499780975e-23,0,20.577899921970808,58.56127352794192,1.8679919242858887
feeder9,0.844931188679146,-0.06335,0.42206875793757437,0.24999998105645047,5338327953908219e-23,0,20.577899921970808,58.56127352794192,1.8679919242858887
feeder10,1.2890545636820077,0.039001859200463035,0.48094538293471284,0.24999998105645047,53383279541501865e-24,0,20.577899921970808,58.56127352794192,1.8679919242858887
feeder11,1.6925502151288694,0.1228,0.763449731487851,0.24999998105645047,53383279541068634e-24,0,20.577899921970808,58.56127352794192,1.8679919242858887
feeder12,1.4378527816221192,-0.1053,0.6681471649946011,0.24999998105645047,53383279540547345e-24,0,20.577899921970808,58.56127352794192,1.8679919242858887
