Feeder,Pf,QF,Pg,B,R,P_rsrv,P_0,Cost,time
feeder1,2.757000114606131,0.06115221299250795,0,0.2499999710809373,-11460613066089547e-23,0,22.670808548720217,53.295292429949775,1.920154094696045
feeder2,1.7590001146061305,0.08795,0,0.2499999710809373,-11460613065289606e-23,0,22.670808548720217,53.295292429949775,1.920154094696045
feeder3,2.015000114606131,-0.10075,0,0.2499999710809373,-1146061306541065e-22,0,22.670808548720217,53.295292429949775,1.920154094696045
feeder4,1.1690001146061306,-0.05845,0,0.2499999710809373,-11460613065608676e-23,0,22.670808548720217,53.295292429949775,1.920154094696045
feeder5,1.706000108971631,0.041367783236469335,0,0.24999997073855512,-10897163104672544e-23,0,22.670808548720217,53.295292429949775,1.920154094696045
feeder6,3.0410001089716308,0.15205000000000002,0,0.24999997073855512,-10897163104920591e-23,0,22.670808548720217,53.295292429949775,1.920154094696045
feeder7,1.597000108971631,-0.07985,0,0.24999997073855512,-10897163104375056e-23,0,22.670808548720217,53.295292429949775,1.920154094696045
feeder8,2.5620001089716307,-0.1281,0,0.24999997073855512,-10897163104356574e-23,0,22.670808548720217,53.295292429949775,1.920154094696045
feeder9,1.0290001129004744,0.029259730328049384,0,0.2499999713420989,-11290047458346575e-23,0,22.670808548720217,53.295292429949775,1.920154094696045
feeder10,1.1360001129004744,-0.056799999999999996,0,0.2499999713420989,-11290047458123647e-23,0,22.670808548720217,53.295292429949775,1.920154094696045
feeder11,2.1390001129004745,0.10694999999999999,0,0.2499999713420989,-11290047458446837e-23,0,22.670808548720217,53.295292429949775,1.920154094696045
feeder12,1.7560001129004745,-0.0878,0,0.2499999713420989,-11290047458430962e-23,0,22.670808548720217,53.295292429949775,1.920154094696045
