Feeder,Pf,QF,Pg,B,R,P_rsrv,P_0,Cost,time
feeder1,2.7915424977059184,0.07088850073277875,0.09645751722401918,0.24999998939195472,-14929937683902986e-24,0,23.24559255662497,76.18742960433833,1.9165289402008057
feeder2,1.7025146482643616,0.08815,0.06048536666557597,0.24999998939195472,-14929937684929855e-24,0,23.24559255662497,76.18742960433833,1.9165289402008057
feeder3,2.0887957365356478,-0.10820000000000002,0.07520427839429003,0.24999998939195472,-1492993768297923e-23,0,23.24559255662497,76.18742960433833,1.9165289402008057
feeder4,1.1857649139378377,-0.0616,0.04623510099209997,0.24999998939195472,-14929937682541027e-24,0,23.24559255662497,76.18742960433833,1.9165289402008057
feeder5,1.7155523729250697,0.03899731147650476,0.06544763991129443,0.24999998939314808,-12836364167181298e-24,0,23.24559255662497,76.18742960433833,1.9165289402008057
feeder6,3.2162108783443712,0.16625,0.10878913449199294,0.24999998939314808,-12836364169548317e-24,0,23.24559255662497,76.18742960433833,1.9165289402008057
feeder7,1.6413635125504544,-0.08505000000000001,0.05963650028590983,0.24999998939314808,-12836364170758095e-24,0,23.24559255662497,76.18742960433833,1.9165289402008057
feeder8,2.624778836929357,-0.13595,0.09422117590700702,0.24999998939314808,-12836364167540675e-24,0,23.24559255662497,76.18742960433833,1.9165289402008057
feeder9,1.0472389221386356,0.03011332063277404,0.041761091765422975,0.24999998940551504,-13904058645231603e-24,0,23.24559255662497,76.18742960433833,1.9165289402008057
feeder10,1.1864133606332217,-0.061700000000000005,0.04758665327083696,0.24999998940551504,-13904058643469907e-24,0,23.24559255662497,76.18742960433833,1.9165289402008057
feeder11,2.229461254304494,0.11525000000000002,0.07553875959956485,0.24999998940551504,-13904058644666197e-24,0,23.24559255662497,76.18742960433833,1.9165289402008057
feeder12,1.8108908701162973,-0.09385,0.06610914378776114,0.24999998940551504,-13904058640026192e-24,0,23.24559255662497,76.18742960433833,1.9165289402008057
