Feeder,Pf,QF,Pg,B,R,P_rsrv,P_0,Cost,time
feeder1,3.3880002331337784,0.10055706355016818,0,0.24999997333995375,-2331337785737764e-22,0,30.274623486928324,94.7091138082741,2.0099661350250244
feeder2,2.0290002331337784,0.10145,0,0.24999997333995375,-23313377857379144e-23,0,30.274623486928324,94.7091138082741,2.0099661350250244
feeder3,2.7320002331337787,-0.13660000000000003,0,0.24999997333995375,-23313377857379538e-23,0,30.274623486928324,94.7091138082741,2.0099661350250244
feeder4,1.6610002331337785,-0.08305000000000001,0,0.24999997333995375,-23313377857378704e-23,0,30.274623486928324,94.7091138082741,2.0099661350250244
feeder5,2.5980002413954963,0.0819330410809358,0,0.24999997254137513,-2413954964328354e-22,0,30.274623486928324,94.7091138082741,2.0099661350250244
feeder6,3.6480002413954966,0.1824,0,0.24999997254137513,-2413954964328427e-22,0,30.274623486928324,94.7091138082741,2.0099661350250244
feeder7,2.3200002413954963,-0.11599999999999999,0,0.24999997254137513,-2413954964328649e-22,0,30.274623486928324,94.7091138082741,2.0099661350250244
feeder8,3.5130002413954964,-0.17565,0,0.24999997254137513,-2413954964328086e-22,0,30.274623486928324,94.7091138082741,2.0099661350250244
feeder9,1.7250002260460113,0.054818347606578846,0,0.24999997407549468,-22604601117218893e-23,0,30.274623486928324,94.7091138082741,2.0099661350250244
feeder10,1.6760002260460112,-0.0838,0,0.24999997407549468,-22604601117219063e-23,0,30.274623486928324,94.7091138082741,2.0099661350250244
feeder11,2.586000226046011,0.1293,0,0.24999997407549468,-2260460111721871e-22,0,30.274623486928324,94.7091138082741,2.0099661350250244
feeder12,2.3900002260460114,-0.11950000000000001,0,0.24999997407549468,-22604601117216458e-23,0,30.274623486928324,94.7091138082741,2.0099661350250244
