Feeder,Pf,QF,Pg,B,R,P_rsrv,P_0,Cost,time
feeder1,2.1321385358581613,0.0883034838849135,0.9908614811390599,0.24999998945230587,-16997220829551677e-24,0,17.776387608482622,162.95021974442403,2.0834908485412598
feeder2,1.22866365340458,0.09250000000000001,0.6213363635926408,0.24999998945230587,-16997220829555187e-24,0,17.776387608482622,162.95021974442403,2.0834908485412598
feeder3,1.583463526932251,-0.1178,0.7725364900649696,0.24999998945230587,-16997220829570725e-24,0,17.776387608482622,162.95021974442403,2.0834908485412598
feeder4,0.9110496099077716,-0.0693,0.47495040708944913,0.24999998945230587,-16997220829581425e-24,0,17.776387608482622,162.95021974442403,2.0834908485412598
feeder5,1.2676877667399087,0.03699853982155801,0.6723122500773009,0.24999998955355204,-16817209569079345e-24,0,17.776387608482622,162.95021974442403,2.0834908485412598
feeder6,2.6854628512185132,0.19015,1.117537165598696,0.24999998955355204,-16817209569027742e-24,0,17.776387608482622,162.95021974442403,2.0834908485412598
feeder7,1.1923836392078557,-0.09025,0.6126163776093537,0.24999998955355204,-16817209569083643e-24,0,17.776387608482622,162.95021974442403,2.0834908485412598
feeder8,1.9651123104374635,-0.14665,0.9678877063797461,0.24999998955355204,-1681720956907924e-23,0,17.776387608482622,162.95021974442403,2.0834908485412598
feeder9,0.7548756881767614,0.044746668577112986,0.4101243290499612,0.2499999894835039,-17226722562736827e-24,0,17.776387608482622,162.95021974442403,2.0834908485412598
feeder10,0.9326655097426444,-0.06999999999999999,0.4673345074840781,0.2499999894835039,-17226722562734634e-24,0,17.776387608482622,162.95021974442403,2.0834908485412598
feeder11,1.705156105394931,0.12235000000000001,0.7418439118317918,0.2499999894835039,-17226722562714043e-24,0,17.776387608482622,162.95021974442403,2.0834908485412598
feeder12,1.4147615852569495,-0.10320000000000001,0.649238431969773,0.2499999894835039,-1722672256273253e-23,0,17.776387608482622,162.95021974442403,2.0834908485412598
