Feeder,Pf,QF,Pg,B,R,P_rsrv,P_0,Cost,time
feeder1,3.5309996116277858,0.10733225006735427,0,0.24999998746344942,38837221435802125e-23,0,31.279208798173897,97.61719745763439,1.989211082458496
feeder2,2.0699996116277855,0.1035,0,0.24999998746344942,38837221435800823e-23,0,31.279208798173897,97.61719745763439,1.989211082458496
feeder3,2.852999611627786,-0.14265000000000003,0,0.24999998746344942,38837221435694425e-23,0,31.279208798173897,97.61719745763439,1.989211082458496
feeder4,1.7219996116277856,-0.08610000000000001,0,0.24999998746344942,3883722143577194e-22,0,31.279208798173897,97.61719745763439,1.989211082458496
feeder5,2.693999588484906,0.0844505671341802,0,0.24999998583159014,4115150940362616e-22,0,31.279208798173897,97.61719745763439,1.989211082458496
feeder6,3.751999588484906,0.1876,0,0.24999998583159014,4115150940368299e-22,0,31.279208798173897,97.61719745763439,1.989211082458496
feeder7,2.405999588484906,-0.12030000000000002,0,0.24999998583159014,4115150940371358e-22,0,31.279208798173897,97.61719745763439,1.989211082458496
feeder8,3.607999588484906,-0.1804,0,0.24999998583159014,4115150940369263e-22,0,31.279208798173897,97.61719745763439,1.989211082458496
feeder9,1.805999622428147,0.057015874329843064,0,0.24999998742545837,3775718531427611e-22,0,31.279208798173897,97.61719745763439,1.989211082458496
feeder10,1.722999622428147,-0.08615,0,0.24999998742545837,3775718531432309e-22,0,31.279208798173897,97.61719745763439,1.989211082458496
feeder11,2.6539996224281466,0.1327,0,0.24999998742545837,37757185314317415e-23,0,31.279208798173897,97.61719745763439,1.989211082458496
feeder12,2.4509996224281467,-0.12255,0,0.24999998742545837,37757185314331613e-23,0,31.279208798173897,97.61719745763439,1.989211082458496
