Feeder,Pf,QF,Pg,B,R,P_rsrv,P_0,Cost,time
feeder1,2.7439998145893254,0.060915277199487625,0,0.2499999792219676,18541067496294237e-23,0,22.60078260906249,53.13067311680441,2.47815203666687
feeder2,1.7569998145893249,0.08785,0,0.2499999792219676,18541067496206084e-23,0,22.60078260906249,53.13067311680441,2.47815203666687
feeder3,2.007999814589325,-0.1004,0,0.2499999792219676,1854106749631655e-22,0,22.60078260906249,53.13067311680441,2.47815203666687
feeder4,1.166999814589325,-0.058350000000000006,0,0.2499999792219676,1854106749633736e-22,0,22.60078260906249,53.13067311680441,2.47815203666687
feeder5,1.7029998130044637,0.04107349441629815,0,0.24999997926163325,18699553642112406e-23,0,22.60078260906249,53.13067311680441,2.47815203666687
feeder6,3.0339998130044634,0.1517,0,0.24999997926163325,18699553642149829e-23,0,22.60078260906249,53.13067311680441,2.47815203666687
feeder7,1.5899998130044637,-0.07950000000000002,0,0.24999997926163325,18699553642161068e-23,0,22.60078260906249,53.13067311680441,2.47815203666687
feeder8,2.5529998130044635,-0.12765,0,0.24999997926163325,18699553642128647e-23,0,22.60078260906249,53.13067311680441,2.47815203666687
feeder9,1.027999815511786,0.02962231526709508,0,0.2499999791561619,1844882140303053e-22,0,22.60078260906249,53.13067311680441,2.47815203666687
feeder10,1.1319998155117859,-0.0566,0,0.2499999791561619,18448821403091997e-23,0,22.60078260906249,53.13067311680441,2.47815203666687
feeder11,2.127999815511786,0.10640000000000001,0,0.2499999791561619,18448821403058296e-23,0,22.60078260906249,53.13067311680441,2.47815203666687
feeder12,1.751999815511786,-0.08760000000000001,0,0.2499999791561619,1844882140306057e-22,0,22.60078260906249,53.13067311680441,2.47815203666687
