Feeder,Pf,QF,Pg,B,R,P_rsrv,P_0,Cost,time
feeder1,-3.787973295197442,-0.16164998900954078,6.9376404724773595,0.18054386311717766,0.08333282272008287,0,-27.188325778037587,-92.25905214014087,2.602571964263916
feeder2,-2.1527455317653135,-0.11405000000000001,4.350412709045231,0.18054386311717766,0.08333282272008287,0,-27.188325778037587,-92.25905214014087,2.602571964263916
feeder3,-3.0044039177176294,-0.12440000000000001,5.409071094997547,0.18054386311717766,0.08333282272008287,0,-27.188325778037587,-92.25905214014087,2.602571964263916
feeder4,-1.6257945343459028,-0.08915000000000001,3.32546171162582,0.18054386311717766,0.08333282272008287,0,-27.188325778037587,-92.25905214014087,2.602571964263916
feeder5,-0.9888768993776641,-0.1078999884503001,3.063544083208356,0.16514783385552564,0.08333281616930799,0,-27.188325778037587,-92.25905214014087,2.602571964263916
feeder6,-4.154996191639154,-0.18765,7.8246633754698465,0.16514783385552975,0.08333281616930799,0,-27.188325778037587,-92.25905214014087,2.602571964263916
feeder7,-2.411690772801466,-0.09805000000000001,4.289357956632158,0.1651478338555363,0.08333281616930799,0,-27.188325778037587,-92.25905214014087,2.602571964263916
feeder8,-3.4831951173168787,-0.16885,6.77686230114757,0.16514783385553616,0.08333281616930799,0,-27.188325778037587,-92.25905214014087,2.602571964263916
feeder9,-0.2786500963610068,-0.06344999000791327,1.464317282915217,0.16139894518543443,0.0833328134457898,0,-27.188325778037587,-92.25905214014087,2.602571964263916
feeder10,-1.6471358120105082,-0.08510000000000001,3.2658029985647183,0.16139894518543443,0.0833328134457898,0,-27.188325778037587,-92.25905214014087,2.602571964263916
feeder11,-3.066448330123717,-0.11005000000000001,5.184115516677927,0.16139894518543427,0.0833328134457898,0,-27.188325778037587,-92.25905214014087,2.602571964263916
feeder12,-2.5933074728284544,-0.10135000000000001,4.536974659382665,0.16139894518543435,0.0833328134457898,0,-27.188325778037587,-92.25905214014087,2.602571964263916
