Feeder,Pf,QF,Pg,B,R,P_rsrv,P_0,Cost,time
feeder1,2.865999965244702,0.06830725033056279,0,0.24999992399471863,3475529800589795e-23,0,23.678249057712552,77.66465690929716,2.2310588359832764
feeder2,1.763999965244702,0.0882,0,0.24999992399471863,3475529800587604e-23,0,23.678249057712552,77.66465690929716,2.2310588359832764
feeder3,2.1259999652447017,-0.1063,0,0.24999992399471863,3475529800589894e-23,0,23.678249057712552,77.66465690929716,2.2310588359832764
feeder4,1.212999965244702,-0.06065000000000001,0,0.24999992399471863,3475529800588742e-23,0,23.678249057712552,77.66465690929716,2.2310588359832764
feeder5,1.7569999518407198,0.040953575505295964,0,0.24999992373113492,4815928021303544e-23,0,23.678249057712552,77.66465690929716,2.2310588359832764
feeder6,3.22999995184072,0.1615,0,0.24999992373113492,481592802130565e-22,0,23.678249057712552,77.66465690929716,2.2310588359832764
feeder7,1.6819999518407198,-0.08410000000000001,0,0.24999992373113492,4815928021307144e-23,0,23.678249057712552,77.66465690929716,2.2310588359832764
feeder8,2.68099995184072,-0.13405,0,0.24999992373113492,481592802130242e-22,0,23.678249057712552,77.66465690929716,2.2310588359832764
feeder9,1.0626719102883881,0.029810516329374363,0.006328001515709225,0.2499999241778396,8819590260747306e-23,0,23.678249057712552,77.66465690929716,2.2310588359832764
feeder10,1.200788904339653,-0.0604,0.007211007464444577,0.2499999241778396,8819590260759273e-23,0,23.678249057712552,77.66465690929716,2.2310588359832764
feeder11,2.259553203076187,0.11355,0.011446708727910634,0.2499999241778396,8819590260747476e-23,0,23.678249057712552,77.66465690929716,2.2310588359832764
feeder12,1.8309821127668675,-0.09205,0.010017799037229937,0.2499999241778396,8819590260755302e-23,0,23.678249057712552,77.66465690929716,2.2310588359832764
