Feeder,Pf,QF,Pg,B,R,P_rsrv,P_0,Cost,time
feeder1,3.6972584626582647,0.1282438018255019,0.3917416017442097,0.2499999868165802,-6440247402918338e-23,0,31.044261784442,140.26832282937042,2.4767839908599854
feeder2,2.057351871266722,0.11515,0.2456481931357517,0.2499999868165802,-6440247402918388e-23,0,31.044261784442,140.26832282937042,2.4767839908599854
feeder3,3.0295742048590055,-0.16675,0.3054258595434685,0.2499999868165802,-6440247402918327e-23,0,31.044261784442,140.26832282937042,2.4767839908599854
feeder4,1.7542262334037393,-0.0971,0.18777383099873465,0.2499999868165802,-6440247402918915e-23,0,31.044261784442,140.26832282937042,2.4767839908599854
feeder5,2.6691983704245588,0.08269407730189882,0.26580169948194055,0.2499999861303125,-6990649923403225e-23,0,31.044261784442,140.26832282937042,2.4767839908599854
feeder6,3.722176604265351,0.2082,0.44182346564114805,0.2499999861303125,-699064992340561e-22,0,31.044261784442,140.26832282937042,2.4767839908599854
feeder7,2.30079936339229,-0.12715,0.2422007065142091,0.2499999861303125,-6990649923405893e-23,0,31.044261784442,140.26832282937042,2.4767839908599854
feeder8,3.442341207232286,-0.19125000000000003,0.3826588626742137,0.2499999861303125,-699064992340335e-22,0,31.044261784442,140.26832282937042,2.4767839908599854
feeder9,1.6578911113971186,0.062104071037308,0.16210898770606796,0.24999998374845717,-9910318644648612e-23,0,31.044261784442,140.26832282937042,2.4767839908599854
feeder10,1.6772777009488493,-0.09310000000000002,0.18472239815433739,0.24999998374845717,-9910318644648725e-23,0,31.044261784442,140.26832282937042,2.4767839908599854
feeder11,2.614772904759032,0.1454,0.29322719434415434,0.24999998374845717,-9910318644649159e-23,0,31.044261784442,140.26832282937042,2.4767839908599854
feeder12,2.412376891942513,-0.13345,0.25662320716067394,0.24999998374845717,-9910318644648647e-23,0,31.044261784442,140.26832282937042,2.4767839908599854
