Feeder,Pf,QF,Pg,B,R,P_rsrv,P_0,Cost,time
feeder1,3.168000139223049,0.09034814831733906,0,0.24999996990303597,-13922304859916545e-23,0,28.40759107307673,129.4202503304254,2.390130043029785
feeder2,1.9750001392230487,0.09875,0,0.24999996990303597,-13922304859917598e-23,0,28.40759107307673,129.4202503304254,2.390130043029785
feeder3,2.5520001392230487,-0.12760000000000002,0,0.24999996990303597,-13922304859919102e-23,0,28.40759107307673,129.4202503304254,2.390130043029785
feeder4,1.5330001392230486,-0.07665,0,0.24999996990303597,-13922304859918154e-23,0,28.40759107307673,129.4202503304254,2.390130043029785
feeder5,2.425000133995166,0.07294604629759574,0,0.24999997016382597,-1339951661105088e-22,0,28.40759107307673,129.4202503304254,2.390130043029785
feeder6,3.481000133995166,0.17405,0,0.24999997016382597,-1339951661104961e-22,0,28.40759107307673,129.4202503304254,2.390130043029785
feeder7,2.152000133995166,-0.10760000000000002,0,0.24999997016382597,-13399516611045828e-23,0,28.40759107307673,129.4202503304254,2.390130043029785
feeder8,3.264000133995166,-0.1632,0,0.24999997016382597,-1339951661104453e-22,0,28.40759107307673,129.4202503304254,2.390130043029785
feeder9,1.5640001401255377,0.05292484598442093,0,0.2499999700254504,-14012553764290034e-23,0,28.40759107307673,129.4202503304254,2.390130043029785
feeder10,1.5700001401255377,-0.07850000000000001,0,0.2499999700254504,-14012553764294386e-23,0,28.40759107307673,129.4202503304254,2.390130043029785
feeder11,2.450000140125538,0.12250000000000001,0,0.2499999700254504,-14012553764296424e-23,0,28.40759107307673,129.4202503304254,2.390130043029785
feeder12,2.266000140125538,-0.11330000000000001,0,0.2499999700254504,-14012553764294468e-23,0,28.40759107307673,129.4202503304254,2.390130043029785
