Feeder,Pf,QF,Pg,B,R,P_rsrv,P_0,Cost,time
feeder1,1.318808956063721,0.09888540664069462,1.9351910007242363,0.24999998959675368,43212042657546995e-24,0,12.239736850902739,41.88029959150554,1.6039059162139893
feeder2,1.0105058724139595,0.11120000000000002,1.213494084373998,0.24999998959675368,4321204265754277e-23,0,12.239736850902739,41.88029959150554,1.6039059162139893
feeder3,1.075206144630661,-0.1292,1.5087938121572964,0.24999998959675368,4321204265751994e-23,0,12.239736850902739,41.88029959150554,1.6039059162139893
feeder4,0.8024033390050431,-0.08650000000000001,0.9275966177829142,0.24999998959675368,43212042657536454e-24,0,12.239736850902739,41.88029959150554,1.6039059162139893
feeder5,0.8889480053746935,0.0739252334211786,1.3130519510677239,0.24999998959756978,4355758257858352e-23,0,12.239736850902739,41.88029959150554,1.6039059162139893
feeder6,1.7114064064997934,0.1947,2.182593549942624,0.24999998959756978,4355758257860546e-23,0,12.239736850902739,41.88029959150554,1.6039059162139893
feeder7,0.8785363438492094,-0.10375000000000001,1.1964636125932082,0.24999998959756978,4355758257859837e-23,0,12.239736850902739,41.88029959150554,1.6039059162139893
feeder8,1.5516776208255383,-0.17210000000000003,1.8903223356168792,0.24999998959756978,4355758257858327e-23,0,12.239736850902739,41.88029959150554,1.6039059162139893
feeder9,0.44852780111565493,-0.062400000000000004,0.7994721553880844,0.24999998966485293,4349626071780705e-23,0,12.239736850902739,41.88029959150554,1.6039059162139893
feeder10,0.8510056532339415,0.04522537592897748,0.9109943032697978,0.24999998966485293,43496260717841296e-24,0,12.239736850902739,41.88029959150554,1.6039059162139893
feeder11,0.8988932240211839,0.11725000000000002,1.4461067324825556,0.24999998966485293,434962607178135e-22,0,12.239736850902739,41.88029959150554,1.6039059162139893
feeder12,0.802412880187895,-0.1034,1.2655870763158443,0.24999998966485293,43496260717826764e-24,0,12.239736850902739,41.88029959150554,1.6039059162139893
