Feeder,Pf,QF,Pg,B,R,P_rsrv,P_0,Cost,time
feeder1,3.4639992844962406,0.10516410877263498,0,0.2499999856573658,7155037591894742e-22,0,30.806939767406853,96.96484291791307,1.426896095275879
feeder2,2.0489992844962406,0.10245,0,0.2499999856573658,7155037591880546e-22,0,30.806939767406853,96.96484291791307,1.426896095275879
feeder3,2.792999284496241,-0.13965000000000002,0,0.2499999856573658,7155037591880075e-22,0,30.806939767406853,96.96484291791307,1.426896095275879
feeder4,1.694999284496241,-0.08475,0,0.2499999856573658,715503759190101e-21,0,30.806939767406853,96.96484291791307,1.426896095275879
feeder5,2.6439992072593297,0.08463397769369091,0,0.24999998598144954,7927406705071046e-22,0,30.806939767406853,96.96484291791307,1.426896095275879
feeder6,3.6979992072593295,0.1849,0,0.24999998598144954,7927406705083235e-22,0,30.806939767406853,96.96484291791307,1.426896095275879
feeder7,2.3669992072593296,-0.11835000000000001,0,0.24999998598144954,7927406705133764e-22,0,30.806939767406853,96.96484291791307,1.426896095275879
feeder8,3.5729992072593295,-0.17865,0,0.24999998598144954,7927406705107215e-22,0,30.806939767406853,96.96484291791307,1.426896095275879
feeder9,1.7719993243114687,0.05683897991065395,0,0.24999998555514694,6756885313094805e-22,0,30.806939767406853,96.96484291791307,1.426896095275879
feeder10,1.6999993243114686,-0.085,0,0.24999998555514694,6756885313111008e-22,0,30.806939767406853,96.96484291791307,1.426896095275879
feeder11,2.6219993243114685,0.1311,0,0.24999998555514694,6756885313099303e-22,0,30.806939767406853,96.96484291791307,1.426896095275879
feeder12,2.4209993243114685,-0.12104999999999999,0,0.24999998555514694,6756885313113206e-22,0,30.806939767406853,96.96484291791307,1.426896095275879
