Feeder,Pf,QF,Pg,B,R,P_rsrv,P_0,Cost,time
feeder1,3.9910648557008197,0.12463307135099966,0.09793537522726403,0.24999997340564317,-23092808312283542e-23,0,33.56560185635628,151.6605777209698,1.6202008724212646
feeder2,2.2415881826441453,0.11515,0.061412048283937926,0.24999997340564317,-2309280831228201e-22,0,33.56560185635628,151.6605777209698,1.6202008724212646
feeder3,3.258643766042216,-0.16675,0.07635646488586713,0.24999997340564317,-2309280831228164e-22,0,33.56560185635628,151.6605777209698,1.6202008724212646
feeder4,1.8950567731783994,-0.0971,0.04694345774968366,0.24999997340564317,-2309280831228162e-22,0,33.56560185635628,151.6605777209698,1.6202008724212646
feeder5,2.868549810602934,0.07793440728958168,0.06645040258455381,0.24999997486046657,-2131874877483524e-22,0,33.56560185635628,151.6605777209698,1.6202008724212646
feeder6,4.053544346777201,0.2082,0.11045586641028701,0.24999997486046657,-2131874877483326e-22,0,33.56560185635628,151.6605777209698,1.6202008724212646
feeder7,2.4824500365589355,-0.12715,0.06055017662855228,0.24999997486046657,-21318748774832614e-23,0,33.56560185635628,151.6605777209698,1.6202008724212646
feeder8,3.7293354975189343,-0.19125000000000003,0.09566471566855342,0.24999997486046657,-2131874877483273e-22,0,33.56560185635628,151.6605777209698,1.6202008724212646
feeder9,1.7794730037755273,0.058588196704095236,0.040527217971099816,0.2499999747131748,-22174662708681167e-23,0,33.56560185635628,151.6605777209698,1.6202008724212646
feeder10,1.8158196222080427,-0.09310000000000002,0.046180599538584347,0.2499999747131748,-2217466270868469e-22,0,33.56560185635628,151.6605777209698,1.6202008724212646
feeder11,2.8346934231605885,0.1454,0.07330679858603859,0.2499999747131748,-22174662708682093e-23,0,33.56560185635628,151.6605777209698,1.6202008724212646
feeder12,2.604844419956459,-0.13345,0.06415580179016848,0.2499999747131748,-22174662708684976e-23,0,33.56560185635628,151.6605777209698,1.6202008724212646
