Feeder,Pf,QF,Pg,B,R,P_rsrv,P_0,Cost,time
feeder1,2.7273185324631166,0.07666247094587075,0.21368138130642667,0.24999998394295117,8623045670454627e-23,0,22.917045709190603,71.19562200321882,1.64774489402771
feeder2,1.6400072536022898,0.0887,0.13399266016725345,0.24999998394295117,8623045670428353e-23,0,22.917045709190603,71.19562200321882,1.64774489402771
feeder3,2.059400587791668,-0.11130000000000001,0.16659932597787566,0.24999998394295117,8623045670418345e-23,0,22.917045709190603,71.19562200321882,1.64774489402771
feeder4,1.1695757322433535,-0.0636,0.10242418152618966,0.24999998394295117,8623045670467837e-23,0,22.917045709190603,71.19562200321882,1.64774489402771
feeder5,1.6790144274309053,0.036164303387130975,0.14498549625184864,0.24999998509251173,7631724609585159e-23,0,22.917045709190603,71.19562200321882,1.64774489402771
feeder6,3.2510003839350445,0.1746,0.24099953974770918,0.24999998509251173,7631724609632946e-23,0,22.917045709190603,71.19562200321882,1.64774489402771
feeder7,1.5988877491702687,-0.08655000000000002,0.13211217451248525,0.24999998509251173,7631724609576451e-23,0,22.917045709190603,71.19562200321882,1.64774489402771
feeder8,2.5782726446754194,-0.13935,0.20872727900733443,0.24999998509251173,7631724609661722e-23,0,22.917045709190603,71.19562200321882,1.64774489402771
feeder9,1.0308063009682862,0.03496509912068718,0.08919360357305006,0.24999998207120108,9545866397269763e-23,0,22.917045709190603,71.19562200321882,1.64774489402771
feeder10,1.1843639696999537,-0.06430000000000001,0.10163593484138234,0.24999998207120108,9545866397214128e-23,0,22.917045709190603,71.19562200321882,1.64774489402771
feeder11,2.1926636490798646,0.11770000000000001,0.16133625546147146,0.24999998207120108,9545866397260676e-23,0,22.917045709190603,71.19562200321882,1.64774489402771
feeder12,1.8008034940227973,-0.0971,0.14119641051853893,0.24999998207120108,954586639725195e-22,0,22.917045709190603,71.19562200321882,1.64774489402771
