Feeder,Pf,QF,Pg,B,R,P_rsrv,P_0,Cost,time
feeder1,2.0472695913797025,0.09418097240544933,1.1897304369371184,0.2499999776746223,-283168207383724e-22,0,18.354076998455078,54.343362979592406,1.6379690170288086
feeder2,1.5059594775932637,0.11259999999999999,0.7460405507235569,0.2499999776746223,-28316820738372365e-24,0,18.354076998455078,54.343362979592406,1.6379690170288086
feeder3,1.6114130041651575,-0.12695,0.9275870241516633,0.2499999776746223,-28316820738421082e-24,0,18.354076998455078,54.343362979592406,1.6379690170288086
feeder4,1.1837255618062839,-0.0877,0.5702744665105367,0.2499999776746223,-28316820738366416e-24,0,18.354076998455078,54.343362979592406,1.6379690170288086
feeder5,1.3757526716360895,0.07059280527060663,0.8072473568435097,0.24999997775389265,-2847959942849744e-23,0,18.354076998455078,54.343362979592406,1.6379690170288086
feeder6,2.4761695943865756,0.19090000000000001,1.3418304340930238,0.24999997775389265,-28479599428445873e-24,0,18.354076998455078,54.343362979592406,1.6379690170288086
feeder7,1.2994295926993524,-0.10175000000000001,0.735570435780247,0.24999997775389265,-2847959942842898e-23,0,18.354076998455078,54.343362979592406,1.6379690170288086
feeder8,2.254854176704671,-0.17085,1.1621458517749284,0.24999997775389265,-28479599428521517e-24,0,18.354076998455078,54.343362979592406,1.6379690170288086
feeder9,0.7635023755735061,-0.06275,0.4914976523596257,0.24999997792675113,-27933131934562465e-24,0,18.354076998455078,54.343362979592406,1.6379690170288086
feeder10,1.177940933480447,0.046317087505768656,0.5600590944526852,0.24999997792675113,-27933131934610405e-24,0,18.354076998455078,54.343362979592406,1.6379690170288086
feeder11,1.3869656792339697,0.1138,0.889034348699162,0.24999997792675113,-27933131934608506e-24,0,18.354076998455078,54.343362979592406,1.6379690170288086
feeder12,1.2679451604456065,-0.1023,0.7780548674875254,0.24999997792675113,-2793313193460921e-23,0,18.354076998455078,54.343362979592406,1.6379690170288086
