Feeder,Pf,QF,Pg,B,R,P_rsrv,P_0,Cost,time
feeder1,3.059000348034583,0.08325830221124192,0,0.24999995126716273,-3480345831029355e-22,0,27.059877329027817,84.76506573317964,1.9218878746032715
feeder2,1.9390003480345832,0.09695000000000001,0,0.24999995126716273,-34803458310147405e-23,0,27.059877329027817,84.76506573317964,1.9218878746032715
feeder3,2.434000348034583,-0.12170000000000002,0,0.24999995126716273,-34803458310109823e-23,0,27.059877329027817,84.76506573317964,1.9218878746032715
feeder4,1.4410003480345832,-0.07205,0,0.24999995126716273,-3480345831025459e-22,0,27.059877329027817,84.76506573317964,1.9218878746032715
feeder5,2.2660002780315573,0.06881524626115498,0,0.24999995010080886,-2780315573321641e-22,0,27.059877329027817,84.76506573317964,1.9218878746032715
feeder6,3.336000278031557,0.1668,0,0.24999995010080886,-27803155733128845e-23,0,27.059877329027817,84.76506573317964,1.9218878746032715
feeder7,2.0320002780315574,-0.10160000000000001,0,0.24999995010080886,-27803155733164865e-23,0,27.059877329027817,84.76506573317964,1.9218878746032715
feeder8,3.1050002780315573,-0.15525,0,0.24999995010080886,-27803155733113233e-23,0,27.059877329027817,84.76506573317964,1.9218878746032715
feeder9,1.4710003365528277,0.04984476571489144,0,0.2499999515908847,-33655282756741055e-23,0,27.059877329027817,84.76506573317964,1.9218878746032715
feeder10,1.4660003365528276,-0.0733,0,0.2499999515908847,-33655282756638496e-23,0,27.059877329027817,84.76506573317964,1.9218878746032715
feeder11,2.3470003365528274,0.11735000000000001,0,0.2499999515908847,-33655282756624324e-23,0,27.059877329027817,84.76506573317964,1.9218878746032715
feeder12,2.1570003365528274,-0.10785,0,0.2499999515908847,-3365528275672544e-22,0,27.059877329027817,84.76506573317964,1.9218878746032715
