Feeder,Pf,QF,Pg,B,R,P_rsrv,P_0,Cost,time
feeder1,3.7100001339928506,0.11254352029553263,0,0.24999997768522486,-1339928504393876e-22,0,32.54094874372528,153.5661606130969,2.083940029144287
feeder2,2.1430001339928504,0.10715,0,0.24999997768522486,-13399285043935052e-23,0,32.54094874372528,153.5661606130969,2.083940029144287
feeder3,3.0300001339928504,-0.1515,0,0.24999997768522486,-13399285043936775e-23,0,32.54094874372528,153.5661606130969,2.083940029144287
feeder4,1.7810001339928503,-0.08905,0,0.24999997768522486,-1339928504393637e-22,0,32.54094874372528,153.5661606130969,2.083940029144287
feeder5,2.877000128238607,0.07597360058642919,0,0.24999997778572555,-1282386074081364e-22,0,32.54094874372528,153.5661606130969,2.083940029144287
feeder6,3.957000128238607,0.19785,0,0.24999997778572555,-12823860740804758e-23,0,32.54094874372528,153.5661606130969,2.083940029144287
feeder7,2.4960001282386073,-0.12480000000000001,0,0.24999997778572555,-12823860740812858e-23,0,32.54094874372528,153.5661606130969,2.083940029144287
feeder8,3.606000128238607,-0.18030000000000002,0,0.24999997778572555,-12823860740812251e-23,0,32.54094874372528,153.5661606130969,2.083940029144287
feeder9,1.8440001240210762,0.05775602568806262,0,0.2499999787012292,-12402107607228725e-23,0,32.54094874372528,153.5661606130969,2.083940029144287
feeder10,1.8000001240210761,-0.09000000000000001,0,0.2499999787012292,-12402107607227246e-23,0,32.54094874372528,153.5661606130969,2.083940029144287
feeder11,2.7480001240210763,0.13740000000000002,0,0.2499999787012292,-12402107607226515e-23,0,32.54094874372528,153.5661606130969,2.083940029144287
feeder12,2.539000124021076,-0.12695,0,0.2499999787012292,-1240210760722839e-22,0,32.54094874372528,153.5661606130969,2.083940029144287
