Feeder,Pf,QF,Pg,B,R,P_rsrv,P_0,Cost,time
feeder1,1.48304817057788,0.08945921315751604,1.8399517507122232,0.24999998973829043,7870989674113003e-23,0,12.556142797966238,42.837373845728145,2.092724084854126
feeder2,1.0832271894800571,0.11185,1.1537727318100461,0.24999998973829043,78709896741143e-21,0,12.556142797966238,42.837373845728145,2.092724084854126
feeder3,1.0604604531485324,-0.12475000000000001,1.4345394681415709,0.24999998973829043,7870989674111926e-23,0,12.556142797966238,42.837373845728145,2.092724084854126
feeder4,0.7840543910247029,-0.0833,0.8819455302654003,0.24999998973829043,7870989674114173e-23,0,12.556142797966238,42.837373845728145,2.092724084854126
feeder5,0.8845690209093785,0.06550345129013624,1.248430885389233,0.24999999088482158,9370138855911162e-23,0,12.556142797966238,42.837373845728145,2.092724084854126
feeder6,1.7498213331394734,0.19125000000000003,2.075178573159138,0.24999999088482158,9370138855908728e-23,0,12.556142797966238,42.837373845728145,2.092724084854126
feeder7,0.828419502249827,-0.0983,1.1375804040487845,0.24999999088482158,9370138855908795e-23,0,12.556142797966238,42.837373845728145,2.092724084854126
feeder8,1.5307086024095267,-0.1664,1.7972913038890845,0.24999999088482158,9370138855910225e-23,0,12.556142797966238,42.837373845728145,2.092724084854126
feeder9,0.516033611858752,0.06224790698008781,0.7599663352545516,0.24999998729019873,52886696413318354e-24,0,12.556142797966238,42.837373845728145,2.092724084854126
feeder10,0.7770222753818739,-0.08215,0.8659776717314297,0.24999998729019873,5288669641333602e-23,0,12.556142797966238,42.837373845728145,2.092724084854126
feeder11,1.0013523375996445,0.1188,1.374647609513659,0.24999998729019873,5288669641333515e-23,0,12.556142797966238,42.837373845728145,2.092724084854126
feeder12,0.8559516450683214,-0.10295000000000001,1.2030483020449823,0.24999998729019873,5288669641333648e-23,0,12.556142797966238,42.837373845728145,2.092724084854126
