Feeder,Pf,QF,Pg,B,R,P_rsrv,P_0,Cost,time
feeder1,0.6086118277688569,0.10093175033675028,2.754387997282775,0.24999998471344528,17494836816956924e-23,0,6.36058430116623,19.686008412109484,1.8507280349731445
feeder2,0.44981444873891513,0.10885,1.7271853763127167,0.24999998471344528,17494836819272093e-23,0,6.36058430116623,19.686008412109484,1.8507280349731445
feeder3,0.5875096627295538,-0.13675,2.147490162322078,0.24999998471344528,17494836817693983e-23,0,6.36058430116623,19.686008412109484,1.8507280349731445
feeder4,0.4097368472734804,-0.08650000000000001,1.3202629777781514,0.24999998471344528,17494836817450003e-23,0,6.36058430116623,19.686008412109484,1.8507280349731445
feeder5,0.41111220336968596,0.049669798163865436,1.8688876207869285,0.24999998480649574,17584338533578923e-23,0,6.36058430116623,19.686008412109484,1.8507280349731445
feeder6,1.1744798085769361,0.21405,3.106520015579678,0.24999998480649574,17584338532357248e-23,0,6.36058430116623,19.686008412109484,1.8507280349731445
feeder7,0.45405418843287715,-0.10785,1.7029456357237376,0.24999998480649574,17584338531222213e-23,0,6.36058430116623,19.686008412109484,1.8507280349731445
feeder8,0.7114740633499211,-0.17010000000000003,2.6905257608066937,0.24999998480649574,17584338532658138e-23,0,6.36058430116623,19.686008412109484,1.8507280349731445
feeder9,0.14601428678182363,0.05336605757214538,1.137985541718887,0.2499999842433667,17149928928506836e-23,0,6.36058430116623,19.686008412109484,1.8507280349731445
feeder10,0.415271258527668,-0.08560000000000001,1.2967285699730426,0.2499999842433667,17149928930038754e-23,0,6.36058430116623,19.686008412109484,1.8507280349731445
feeder11,0.6015809025975744,0.133,2.0584189259031365,0.2499999842433667,1714992893058004e-22,0,6.36058430116623,19.686008412109484,1.8507280349731445
feeder12,0.3905364013892711,-0.10960000000000002,1.8014634271114398,0.2499999842433667,17149928929551202e-23,0,6.36058430116623,19.686008412109484,1.8507280349731445
