Feeder,Pf,QF,Pg,B,R,P_rsrv,P_0,Cost,time
feeder1,2.3188808543238237,0.08525195644692228,0.7651187302702409,0.24999999618314267,41540593552056137e-23,21592960800470068e-21,19.37705068618788,72.85771058006642,1.6221239566802979
feeder2,1.3502189263074824,0.09150000000000001,0.4797806582865823,0.24999999618314267,41540593552154954e-23,21592960800470068e-21,19.37705068618788,72.85771058006642,1.6221239566802979
feeder3,1.7264659073911954,-0.11615,0.5965336772028691,0.24999999618314267,4154059355213597e-22,21592960800470068e-21,19.37705068618788,72.85771058006642,1.6221239566802979
feeder4,0.9932545615774283,-0.068,0.36674502301663625,0.24999999618314267,41540593552141835e-23,21592960800470068e-21,19.37705068618788,72.85771058006642,1.6221239566802979
feeder5,1.38885675885825,0.0356909825207484,0.5191428521771613,0.24999999612178261,38896458853102764e-23,21592960800470068e-21,19.37705068618788,72.85771058006642,1.6221239566802979
feeder6,2.878064897428036,0.18705000000000002,0.8629347136073757,0.24999999612178261,38896458853130695e-23,21592960800470068e-21,19.37705068618788,72.85771058006642,1.6221239566802979
feeder7,1.3109523114583062,-0.0892,0.47304729957710534,0.24999999612178261,38896458853111245e-23,21592960800470068e-21,19.37705068618788,72.85771058006642,1.6221239566802979
feeder8,2.1566205292297043,-0.1452,0.7473790818057072,0.24999999612178261,38896458853148986e-23,21592960800470068e-21,19.37705068618788,72.85771058006642,1.6221239566802979
feeder9,0.8401153431924027,0.04311459434067787,0.3168842208114784,0.24999999625508493,43599611898936417e-23,21592960800470068e-21,19.37705068618788,72.85771058006642,1.6221239566802979
feeder10,1.017911510591998,-0.06895,0.36108805341188294,0.24999999625508493,43599611898899296e-23,21592960800470068e-21,19.37705068618788,72.85771058006642,1.6221239566802979
feeder11,1.8518106173949584,0.12125,0.5731889466089224,0.24999999625508493,4359961189908755e-22,21592960800470068e-21,19.37705068618788,72.85771058006642,1.6221239566802979
feeder12,1.5403626468795113,-0.1021,0.5016369171243695,0.24999999625508493,43599611898929545e-23,21592960800470068e-21,19.37705068618788,72.85771058006642,1.6221239566802979
