Feeder,Pf,QF,Pg,B,R,P_rsrv,P_0,Cost,time
feeder1,2.8083791648755128,0.07326983900455136,0.09762070574907789,0.2499999847900683,12937540958117943e-23,0,23.50324158503193,73.0950813294493,1.5661709308624268
feeder2,1.70378506149722,0.08825,0.06121480912737035,0.2499999847900683,12937540958131046e-23,0,23.50324158503193,73.0950813294493,1.5661709308624268
feeder3,2.1138886423845187,-0.1095,0.07611122824007185,0.2499999847900683,1293754095811327e-22,0,23.50324158503193,73.0950813294493,1.5661709308624268
feeder4,1.1992071827689528,-0.0623,0.046792687855637734,0.2499999847900683,1293754095812453e-22,0,23.50324158503193,73.0950813294493,1.5661709308624268
feeder5,1.731762964339143,0.037471981158770845,0.06623685874009055,0.24999998670142798,17692076639178154e-23,0,23.50324158503193,73.0950813294493,1.5661709308624268
feeder6,3.2818987115181573,0.1696,0.11010111156107605,0.24999998670142798,1769207663922353e-22,0,23.50324158503193,73.0950813294493,1.5661709308624268
feeder7,1.6526441175048467,-0.08565,0.060355705574386895,0.24999998670142798,17692076639240598e-23,0,23.50324158503193,73.0950813294493,1.5661709308624268
feeder8,2.6496423570198204,-0.13725,0.09535746605941316,0.24999998670142798,1769207663921797e-22,0,23.50324158503193,73.0950813294493,1.5661709308624268
feeder9,1.0607532738473464,0.031782080922750755,0.041246622038431546,0.24999998331475698,10411422218775987e-23,0,23.50324158503193,73.0950813294493,1.5661709308624268
feeder10,1.206999391809679,-0.0627,0.047000504076098744,0.24999998331475698,10411422218772901e-23,0,23.50324158503193,73.0950813294493,1.5661709308624268
feeder11,2.251391585899024,0.11630000000000001,0.07460830998675413,0.24999998331475698,10411422218764775e-23,0,23.50324158503193,73.0950813294493,1.5661709308624268
feeder12,1.8377050523005438,-0.09515000000000001,0.06529484358523405,0.24999998331475698,10411422218795214e-23,0,23.50324158503193,73.0950813294493,1.5661709308624268
