Feeder,Pf,QF,Pg,B,R,P_rsrv,P_0,Cost,time
feeder1,2.156992751972762,0.07848568396787253,0.8150062492831109,0.24999994612374388,9987441267494457e-22,0,18.03256199474567,51.497991629994516,2.299699068069458
feeder2,1.272935453614622,0.0892,0.5110635476412513,0.24999994612374388,9987441267494222e-22,0,18.03256199474567,51.497991629994516,2.299699068069458
feeder3,1.612569848176767,-0.11240000000000001,0.6354291530791066,0.24999994612374388,9987441267494529e-22,0,18.03256199474567,51.497991629994516,2.299699068069458
feeder4,0.9013412927688027,-0.0646,0.39065770848707054,0.24999994612374388,998744126749551e-21,0,18.03256199474567,51.497991629994516,2.299699068069458
feeder5,1.2880067942680682,0.037195244261458205,0.5529921348170053,0.24999994768664494,1070914926472839e-21,0,18.03256199474567,51.497991629994516,2.299699068069458
feeder6,2.636798731032183,0.1778,0.9192001980528904,0.24999994768664494,1070914926472878e-21,0,18.03256199474567,51.497991629994516,2.299699068069458
feeder7,1.2381077718480034,-0.08710000000000001,0.5038911572370701,0.24999994768664494,10709149264728135e-22,0,18.03256199474567,51.497991629994516,2.299699068069458
feeder8,2.0198888767445835,-0.1408,0.7961100523404897,0.24999994768664494,10709149264727733e-22,0,18.03256199474567,51.497991629994516,2.299699068069458
feeder9,0.7909940686825768,0.03805064819552291,0.339004837980454,0.24999994926797894,10933369690752758e-22,0,18.03256199474567,51.497991629994516,2.299699068069458
feeder10,0.9227043776736089,-0.06545,0.38629452898942196,0.24999994926797894,10933369690752707e-22,0,18.03256199474567,51.497991629994516,2.299699068069458
feeder11,1.7577973563484617,0.11855,0.6132015503145691,0.24999994926797894,10933369690752436e-22,0,18.03256199474567,51.497991629994516,2.299699068069458
feeder12,1.431344218718467,-0.0984,0.5366546879445637,0.24999994926797894,10933369690752834e-22,0,18.03256199474567,51.497991629994516,2.299699068069458
