Feeder,Pf,QF,Pg,B,R,P_rsrv,P_0,Cost,time
feeder1,3.6619997946564777,0.11150093101921663,0,0.2499999837552628,2053435221812379e-22,0,32.24577611368475,146.10023727508664,1.508599042892456
feeder2,2.1259997946564777,0.1063,0,0.2499999837552628,20534352218109565e-23,0,32.24577611368475,146.10023727508664,1.508599042892456
feeder3,2.9929997946564777,-0.14965,0,0.2499999837552628,20534352218117765e-23,0,32.24577611368475,146.10023727508664,1.508599042892456
feeder4,1.7649997946564777,-0.08825,0,0.2499999837552628,205343522181329e-21,0,32.24577611368475,146.10023727508664,1.508599042892456
feeder5,2.834999791384198,0.0779576592000154,0,0.24999998321627026,20861580194360499e-23,0,32.24577611368475,146.10023727508664,1.508599042892456
feeder6,3.908999791384198,0.19545,0,0.24999998321627026,20861580194363646e-23,0,32.24577611368475,146.10023727508664,1.508599042892456
feeder7,2.4779997913841982,-0.12390000000000001,0,0.24999998321627026,208615801943678e-21,0,32.24577611368475,146.10023727508664,1.508599042892456
feeder8,3.604999791384198,-0.18025000000000002,0,0.24999998321627026,2086158019434799e-22,0,32.24577611368475,146.10023727508664,1.508599042892456
feeder9,1.838999799429457,0.05797492411828305,0,0.2499999843283568,20057054299956726e-23,0,32.24577611368475,146.10023727508664,1.508599042892456
feeder10,1.7809997994294569,-0.08905,0,0.2499999843283568,2005705429995957e-22,0,32.24577611368475,146.10023727508664,1.508599042892456
feeder11,2.721999799429457,0.1361,0,0.2499999843283568,20057054299960313e-23,0,32.24577611368475,146.10023727508664,1.508599042892456
feeder12,2.520999799429457,-0.12605,0,0.2499999843283568,20057054299952832e-23,0,32.24577611368475,146.10023727508664,1.508599042892456
