Feeder,Pf,QF,Pg,B,R,P_rsrv,P_0,Cost,time
feeder1,2.8273386219579093,0.07663124331256624,0.1286613562345682,0.24999998673312315,21807522423391423e-24,0,23.785880839852588,68.99887600293906,1.5722858905792236
feeder2,1.6973206030334813,0.0889,0.08067937515899637,0.24999998673312315,21807522423431276e-24,0,23.785880839852588,68.99887600293906,1.5722858905792236
feeder3,2.13668754686208,-0.11185,0.10031243133039797,0.24999998673312315,2180752242345264e-23,0,23.785880839852588,68.99887600293906,1.5722858905792236
feeder4,1.2203285481575052,-0.0641,0.06167143003497239,0.24999998673312315,2180752242359486e-23,0,23.785880839852588,68.99887600293906,1.5722858905792236
feeder5,1.7447016154038022,0.034299380273353997,0.08729833750552629,0.24999998782888852,4709067168172634e-23,0,23.785880839852588,68.99887600293906,1.5722858905792236
feeder6,3.3788898233232696,0.17620000000000002,0.14511012958605882,0.24999998782888852,4709067168197742e-23,0,23.785880839852588,68.99887600293906,1.5722858905792236
feeder7,1.6564528517676758,-0.0868,0.0795471011416526,0.24999998782888852,4709067168210059e-23,0,23.785880839852588,68.99887600293906,1.5722858905792236
feeder8,2.675321528225998,-0.14005,0.12567842468333035,0.24999998782888852,4709067168221604e-23,0,23.785880839852588,68.99887600293906,1.5722858905792236
feeder9,1.0714020237989363,0.03440529368614055,0.05359797479175743,0.24999998528677558,1409306325889801e-24,0,23.785880839852588,68.99887600293906,1.5722858905792236
feeder10,1.2359251863561724,-0.06485,0.061074812234521283,0.24999998528677558,1409306325904851e-24,0,23.785880839852588,68.99887600293906,1.5722858905792236
feeder11,2.2660502187287963,0.11815,0.09694977986189704,0.24999998528677558,1409306326269944e-24,0,23.785880839852588,68.99887600293906,1.5722858905792236
feeder12,1.870152604073524,-0.09775,0.08484739451717,0.24999998528677558,14093063257670508e-25,0,23.785880839852588,68.99887600293906,1.5722858905792236
