Feeder,Pf,QF,Pg,B,R,P_rsrv,P_0,Cost,time
feeder1,1.972070131852819,0.09636625008570918,1.2549298709017958,0.2499999950544286,-2754615063397524e-24,0.47545268154218057,16.602999209275943,378.92194945370017,1.6519498825073242
feeder2,1.1280751544138765,0.09575,0.7869248483407385,0.2499999950544286,-27546150634117694e-25,0.47545268154218057,16.602999209275943,378.92194945370017,1.6519498825073242
feeder3,1.5095796238684513,-0.12440000000000001,0.9784203788861635,0.2499999950544286,-27546150634115427e-25,0.47545268154218057,16.602999209275943,378.92194945370017,1.6519498825073242
feeder4,0.865473520533024,-0.07335000000000001,0.6015264822215912,0.2499999950544286,-27546150634022258e-25,0.47545268154218057,16.602999209275943,378.92194945370017,1.6519498825073242
feeder5,1.2165139404026795,0.037298456403571295,0.8514860605638521,0.24999999525177893,-966531450128346e-24,0.47545268154218057,16.602999209275943,378.92194945370017,1.6519498825073242
feeder6,2.57563496508002,0.19955,1.4153650358865117,0.24999999525177893,-9665314501313642e-25,0.47545268154218057,16.602999209275943,378.92194945370017,1.6519498825073242
feeder7,1.1171190426282793,-0.09465000000000001,0.7758809583382522,0.24999999525177893,-9665314501171799e-25,0.47545268154218057,16.602999209275943,378.92194945370017,1.6519498825073242
feeder8,1.7901665696994995,-0.15080000000000002,1.225833431267032,0.24999999525177893,-9665314501329956e-25,0.47545268154218057,16.602999209275943,378.92194945370017,1.6519498825073242
feeder9,0.6710992184037817,0.0465283903799444,0.5189007780006492,0.24999999508716983,3595569079571514e-24,0.47545268154218057,16.602999209275943,378.92194945370017,1.6519498825073242
feeder10,0.8617153783379318,-0.07265,0.5912846180664992,0.24999999508716983,35955690795883414e-25,0.47545268154218057,16.602999209275943,378.92194945370017,1.6519498825073242
feeder11,1.5953984443087657,0.1267,0.9386015520956649,0.24999999508716983,3595569079581982e-24,0.47545268154218057,16.602999209275943,378.92194945370017,1.6519498825073242
feeder12,1.297565473308747,-0.10595000000000002,0.8214345230956841,0.24999999508716983,35955690795649016e-25,0.47545268154218057,16.602999209275943,378.92194945370017,1.6519498825073242
