Feeder,Pf,QF,Pg,B,R,P_rsrv,P_0,Cost,time
feeder1,0.5384957961763752,0.09861998476811422,2.815504289346225,0.24999996842124417,-8552260008264165e-23,0,5.72367790285853,16.43649504437541,1.458475112915039
feeder2,0.4074907048669078,0.10865000000000001,1.7655093806556923,0.24999996842124417,-855226000826262e-22,0,5.72367790285853,16.43649504437541,1.458475112915039
feeder3,0.5238599005474658,-0.13595,2.195140184975134,0.24999996842124417,-8552260008263248e-23,0,5.72367790285853,16.43649504437541,1.458475112915039
feeder4,0.382442183882681,-0.08660000000000001,1.349557901639919,0.24999996842124417,-8552260008263771e-23,0,5.72367790285853,16.43649504437541,1.458475112915039
feeder5,0.3706442787337303,0.04731637541236702,1.9103558073156126,0.24999996832200488,-8604934273561339e-23,0,5.72367790285853,16.43649504437541,1.458475112915039
feeder6,1.0995504186781604,0.21375000000000002,3.1754496673711827,0.24999996832200488,-8604934273558518e-23,0,5.72367790285853,16.43649504437541,1.458475112915039
feeder7,0.3722682944014184,-0.10565000000000001,1.7407317916479244,0.24999996832200488,-8604934273558878e-23,0,5.72367790285853,16.43649504437541,1.458475112915039
feeder8,0.6777750466613477,-0.1714,2.750225039387995,0.24999996832200488,-8604934273559908e-23,0,5.72367790285853,16.43649504437541,1.458475112915039
feeder9,0.11578326148311506,0.054785412462492994,1.1632168239947607,0.2499999685660524,-8547787582402196e-23,0,5.72367790285853,16.43649504437541,1.458475112915039
feeder10,0.40952059365822197,-0.08675000000000001,1.325479491819654,0.2499999685660524,-8547787582399177e-23,0,5.72367790285853,16.43649504437541,1.458475112915039
feeder11,0.5009421237451698,0.13025,2.104057961732706,0.2499999685660524,-8547787582401868e-23,0,5.72367790285853,16.43649504437541,1.458475112915039
feeder12,0.32459481132015194,-0.10830000000000001,1.8414052741577238,0.2499999685660524,-8547787582398741e-23,0,5.72367790285853,16.43649504437541,1.458475112915039
