Feeder,Pf,QF,Pg,B,R,P_rsrv,P_0,Cost,time
feeder1,2.4903011568578646,0.0991913321221028,0.8046987923841922,0.24999999354466454,50757943307515763e-24,0.41389148872891257,21.335953131415675,138.1147366040308,1.6577699184417725
feeder2,1.4684000152063634,0.09865000000000002,0.5045999340356934,0.24999999354466454,5075794330751714e-23,0.41389148872891257,21.335953131415675,138.1147366040308,1.6577699184417725
feeder3,1.9766073085265619,-0.1302,0.6273926407154948,0.24999999354466454,5075794330751967e-23,0.41389148872891257,21.335953131415675,138.1147366040308,1.6577699184417725
feeder4,1.1502830362614298,-0.07680000000000001,0.3857169129806268,0.24999999354466454,5075794330751052e-23,0.41389148872891257,21.335953131415675,138.1147366040308,1.6577699184417725
feeder5,1.630001482827539,0.0325487137217918,0.5459984663076867,0.2499999934047494,508647744445505e-22,0.41389148872891257,21.335953131415675,138.1147366040308,1.6577699184417725
feeder6,3.215425222970885,0.20615000000000003,0.9075747261643403,0.2499999934047494,5086477444453691e-23,0.41389148872891257,21.335953131415675,138.1147366040308,1.6577699184417725
feeder7,1.4754816935748059,-0.09865000000000002,0.4975182555604198,0.2499999934047494,508647744445404e-22,0.41389148872891257,21.335953131415675,138.1147366040308,1.6577699184417725
feeder8,2.296958601145846,-0.15415,0.7860413479893795,0.2499999934047494,5086477444453459e-23,0.41389148872891257,21.335953131415675,138.1147366040308,1.6577699184417725
feeder9,0.8823910045004476,0.04359865228386728,0.33260894445861844,0.2499999937746332,5104093408323428e-23,0.41389148872891257,21.335953131415675,138.1147366040308,1.6577699184417725
feeder10,1.1139937798363662,-0.07465000000000001,0.37900616912269974,0.2499999937746332,510409340832366e-22,0.41389148872891257,21.335953131415675,138.1147366040308,1.6577699184417725
feeder11,2.005367896098205,0.13035000000000002,0.6016320528608609,0.2499999937746332,51040934083244696e-24,0.41389148872891257,21.335953131415675,138.1147366040308,1.6577699184417725
feeder12,1.6264705208780987,-0.10765000000000001,0.5265294280809673,0.2499999937746332,5104093408324561e-23,0.41389148872891257,21.335953131415675,138.1147366040308,1.6577699184417725
