Feeder,Pf,QF,Pg,B,R,P_rsrv,P_0,Cost,time
feeder1,-1.7515724980301177,0.05785682879358903,5.09957256591436,0.2499999604783517,-6788424239964342e-23,0,-13.990457659752082,-38.695274143930966,2.0196380615234375
feeder2,-1.0307727390247912,-0.10835,3.1977728069090334,0.2499999604783517,-678842423996584e-22,0,-13.990457659752082,-38.695274143930966,2.0196380615234375
feeder3,-1.271940058958786,-0.13520000000000001,3.9759401268430286,0.2499999604783517,-67884242399694e-21,0,-13.990457659752082,-38.695274143930966,2.0196380615234375
feeder4,-0.7133820501029113,-0.08655000000000002,2.444382117987154,0.2499999604783517,-6788424239969767e-23,0,-13.990457659752082,-38.695274143930966,2.0196380615234375
feeder5,-1.1821254073171805,-0.1139,3.460125472239035,0.24999996070087568,-6492185450761713e-23,0,-13.990457659752082,-38.695274143930966,2.0196380615234375
feeder6,-1.4965222477246396,0.10850808274189443,5.751522312646494,0.24999996070087568,-6492185450768152e-23,0,-13.990457659752082,-38.695274143930966,2.0196380615234375
feeder7,-1.078894418927586,-0.1037,3.1528944838494404,0.24999996070087568,-6492185450772759e-23,0,-13.990457659752082,-38.695274143930966,2.0196380615234375
feeder8,-1.5453355995587463,-0.1718,4.981335664480601,0.24999996070087568,-649218545077192e-22,0,-13.990457659752082,-38.695274143930966,2.0196380615234375
feeder9,-0.8288550552918922,-0.0336870495598994,2.106855127057411,0.24999996029979074,-7176551897429812e-23,0,-13.990457659752082,-38.695274143930966,2.0196380615234375
feeder10,-0.6537502252844299,0.08735000000000001,2.400750297049949,0.24999996029979074,-7176551897435536e-23,0,-13.990457659752082,-38.695274143930966,2.0196380615234375
feeder11,-1.250936127409861,-0.128,3.81093619917538,0.24999996029979074,-7176551897433219e-23,0,-13.990457659752082,-38.695274143930966,2.0196380615234375
feeder12,-1.18821128850575,-0.10735,3.335211360271269,0.24999996029979074,-7176551897434489e-23,0,-13.990457659752082,-38.695274143930966,2.0196380615234375
