Feeder,Pf,QF,Pg,B,R,P_rsrv,P_0,Cost,time
feeder1,3.210000038018699,0.09263671574731236,0,0.24999998343446003,-38018699046218496e-24,0,28.845830654036472,101.87385859317214,2.116765022277832
feeder2,1.986000038018699,0.0993,0,0.24999998343446003,-380186990451583e-22,0,28.845830654036472,101.87385859317214,2.116765022277832
feeder3,2.591000038018699,-0.12955000000000003,0,0.24999998343446003,-380186990453351e-22,0,28.845830654036472,101.87385859317214,2.116765022277832
feeder4,1.563000038018699,-0.07815,0,0.24999998343446003,-3801869904482941e-23,0,28.845830654036472,101.87385859317214,2.116765022277832
feeder5,2.4720000381674576,0.07471904511468885,0,0.24999998352285133,-38167457696443853e-24,0,28.845830654036472,101.87385859317214,2.116765022277832
feeder6,3.5240000381674577,0.17620000000000002,0,0.24999998352285133,-38167457696848464e-24,0,28.845830654036472,101.87385859317214,2.116765022277832
feeder7,2.192000038167458,-0.10960000000000002,0,0.24999998352285133,-3816745769635207e-23,0,28.845830654036472,101.87385859317214,2.116765022277832
feeder8,3.3200000381674575,-0.166,0,0.24999998352285133,-38167457697663727e-24,0,28.845830654036472,101.87385859317214,2.116765022277832
feeder9,1.5980000288265948,0.053672210856095914,0,0.24999998352847771,-28826594707660624e-24,0,28.845830654036472,101.87385859317214,2.116765022277832
feeder10,1.6000000288265948,-0.08000000000000002,0,0.24999998352847771,-2882659470692427e-23,0,28.845830654036472,101.87385859317214,2.116765022277832
feeder11,2.483000028826595,0.12415000000000001,0,0.24999998352847771,-28826594706038874e-24,0,28.845830654036472,101.87385859317214,2.116765022277832
feeder12,2.299000028826595,-0.11495,0,0.24999998352847771,-28826594705899408e-24,0,28.845830654036472,101.87385859317214,2.116765022277832
