Feeder,Pf,QF,Pg,B,R,P_rsrv,P_0,Cost,time
feeder1,2.9039998719607234,0.07445758394525237,0,0.24999998596884743,12803927653908924e-23,0,25.46309142846495,93.21613387103876,2.020435094833374
feeder2,1.8739998719607236,0.0937,0,0.24999998596884743,12803927653895179e-23,0,25.46309142846495,93.21613387103876,2.020435094833374
feeder3,2.2629998719607234,-0.11315,0,0.24999998596884743,1280392765391036e-22,0,25.46309142846495,93.21613387103876,2.020435094833374
feeder4,1.3399998719607236,-0.067,0,0.24999998596884743,12803927653904753e-23,0,25.46309142846495,93.21613387103876,2.020435094833374
feeder5,2.0879998794987924,0.06384268230111889,0,0.24999998520506458,1205012078553497e-22,0,25.46309142846495,93.21613387103876,2.020435094833374
feeder6,3.1799998794987925,0.15900000000000003,0,0.24999998520506458,12050120785522858e-23,0,25.46309142846495,93.21613387103876,2.020435094833374
feeder7,1.8989998794987921,-0.09495,0,0.24999998520506458,1205012078553095e-22,0,25.46309142846495,93.21613387103876,2.020435094833374
feeder8,2.932999879498792,-0.14665,0,0.24999998520506458,12050120785537134e-23,0,25.46309142846495,93.21613387103876,2.020435094833374
feeder9,1.3629998686392624,0.04567751715132691,0,0.24999998587792466,13136073764056926e-23,0,25.46309142846495,93.21613387103876,2.020435094833374
feeder10,1.3479998686392625,-0.0674,0,0.24999998587792466,13136073764053818e-23,0,25.46309142846495,93.21613387103876,2.020435094833374
feeder11,2.2289998686392622,0.11145000000000001,0,0.24999998587792466,1313607376406949e-22,0,25.46309142846495,93.21613387103876,2.020435094833374
feeder12,2.035999868639262,-0.1018,0,0.24999998587792466,13136073764059766e-23,0,25.46309142846495,93.21613387103876,2.020435094833374
