Feeder,Pf,QF,Pg,B,R,P_rsrv,P_0,Cost,time
feeder1,0.6013476745685968,0.07268918972165206,2.704651909012518,0.24999999501997597,41641888539216667e-23,0,5.185257222585243,15.179840519118299,1.9989819526672363
feeder2,0.5490019638610266,0.11225000000000002,1.6959976197200881,0.24999999501997597,41641888539216206e-23,0,5.185257222585243,15.179840519118299,1.9989819526672363
feeder3,0.3952866141336939,-0.1252,2.1087129694474207,0.24999999501997597,4164188853921869e-22,0,5.185257222585243,15.179840519118299,1.9989819526672363
feeder4,0.38557657165370984,-0.08410000000000001,1.2964230119274047,0.24999999501997597,4164188853921402e-22,0,5.185257222585243,15.179840519118299,1.9989819526672363
feeder5,0.2908585884393657,0.049383510333021796,1.8351409941028205,0.24999999505450612,41745781370264865e-23,0,5.185257222585243,15.179840519118299,1.9989819526672363
feeder6,0.7745739453799914,0.19125000000000003,3.050425637162195,0.24999999505450612,4174578137026345e-22,0,5.185257222585243,15.179840519118299,1.9989819526672363
feeder7,0.29980400683274516,-0.09860000000000001,1.672195575709441,0.24999999505450612,4174578137026189e-22,0,5.185257222585243,15.179840519118299,1.9989819526672363
feeder8,0.6970565990592421,-0.16695000000000002,2.641942983482944,0.24999999505450612,41745781370263245e-23,0,5.185257222585243,15.179840519118299,1.9989819526672363
feeder9,0.14982024117900414,0.0540982182312624,1.1171793472733489,0.249999994984956,41154764687070015e-23,0,5.185257222585243,15.179840519118299,1.9989819526672363
feeder10,0.40197939117332093,-0.08375,1.2730201972790323,0.249999994984956,4115476468706389e-22,0,5.185257222585243,15.179840519118299,1.9989819526672363
feeder11,0.33121518698691843,0.1176,2.0207844014654346,0.249999994984956,41154764687066727e-23,0,5.185257222585243,15.179840519118299,1.9989819526672363
feeder12,0.3084727120683144,-0.10385,1.7685268763840387,0.249999994984956,41154764687064864e-23,0,5.185257222585243,15.179840519118299,1.9989819526672363
