Feeder,Pf,QF,Pg,B,R,P_rsrv,P_0,Cost,time
feeder1,3.220141585339666,0.1189519875536183,0.8448586573701871,0.24999996665942276,-242709852577886e-21,0,25.600017105114787,74.1333828668949,2.1901161670684814
feeder2,1.7722173425981138,0.11510000000000001,0.5297829001117389,0.24999996665942276,-24270985257793865e-23,0,25.600017105114787,74.1333828668949,2.1901161670684814
feeder3,2.444296445329836,-0.15515,0.6587037973800165,0.24999996665942276,-24270985257790514e-23,0,25.600017105114787,74.1333828668949,2.1901161670684814
feeder4,1.4600334343579333,-0.09325,0.4049668083519192,0.24999996665942276,-2427098525779271e-22,0,25.600017105114787,74.1333828668949,2.1901161670684814
feeder5,2.06775281529575,0.08325030383114299,0.5732474234444815,0.24999996602075783,-2387402313656958e-22,0,25.600017105114787,74.1333828668949,2.1901161670684814
feeder6,3.1151313656708775,0.2034,0.9528688730693539,0.24999996602075783,-23874023136572894e-23,0,25.600017105114787,74.1333828668949,2.1901161670684814
feeder7,1.897652440988264,-0.121,0.5223477977519673,0.24999996602075783,-23874023136592434e-23,0,25.600017105114787,74.1333828668949,2.1901161670684814
feeder8,2.8567300853832607,-0.1841,0.8252701533569706,0.24999996602075783,-2387402313658533e-22,0,25.600017105114787,74.1333828668949,2.1901161670684814
feeder9,1.2440704444982462,0.05896340946043968,0.3489297899369035,0.24999996783389705,-23443514982381708e-23,0,25.600017105114787,74.1333828668949,2.1901161670684814
feeder10,1.3483964595031253,-0.0873,0.3976037749320246,0.24999996783389705,-23443514982382316e-23,0,25.600017105114787,74.1333828668949,2.1901161670684814
feeder11,2.2108464569351876,0.1421,0.6311537774999626,0.24999996783389705,-2344351498238213e-22,0,25.600017105114787,74.1333828668949,2.1901161670684814
feeder12,1.9566343225493792,-0.12545,0.5523659118857703,0.24999996783389705,-23443514982385588e-23,0,25.600017105114787,74.1333828668949,2.1901161670684814
