Feeder,Pf,QF,Pg,B,R,P_rsrv,B_rsrv,P_0,Cost,time,v_0,v,l,P_hat,Q_hat
feeder1,2.9745335777380184,0.06986885691026966,0,0.08405565491609833,-0.08332235582143441,14366152573382282e-22,0,24.360608356536684,101.29952974926505,1.3859279155731201,4870.435933111757,4868.153310064317,0,8.577434273528851,0.002645852576673518
feeder2,2.0875916950159437,0.10021347382116615,0,0.08725565553806901,-0.08332221859262078,14366152573382282e-22,0,24.360608356536684,101.29952974926505,1.3859279155731201,0,4867.966783215613,0,9.276625849299405,0.003089704436796875
feeder3,2.158954919807861,-0.1037833117854276,0,0.13645564066224303,-0.08328868409930927,14366152573382282e-22,0,24.360608356536684,101.29952974926505,1.3859279155731201,0,4867.844799518037,0,6.486070261878119,0.002673979489655287
feeder4,1.356354155421958,-0.0636531663693347,0,0.13325564092137265,-0.08329082803526411,14366152573382282e-22,0,24.360608356536684,101.29952974926505,1.3859279155731201,0,0,0,0,0
feeder5,1.8053344340146613,-0.08610212890132357,0,0.13125564104337742,-0.08329185598819008,14366152573382282e-22,0,24.360608356536684,101.29952974926505,1.3859279155731201,0,0,0,0,0
feeder6,2.742333113730125,0.13574816706245998,0,0.20745559686906592,0.08333145710636693,14366152573382282e-22,0,24.360608356536684,101.29952974926505,1.3859279155731201,0,0,0,0,0
feeder7,1.9451222293518458,0.09309117015155907,0,0.11225564244930071,-0.08329882632066449,14366152573382282e-22,0,24.360608356536684,101.29952974926505,1.3859279155731201,0,0,0,0,0
feeder8,2.7838361553120103,-0.1396475038758986,0,0.1743556088857829,0.009113922205962102,14366152573382282e-22,0,24.360608356536684,101.29952974926505,1.3859279155731201,0,0,0,0,0
feeder9,1.066445693197341,-0.049157641195847236,0,0.12855564129270663,-0.08329286928039635,14366152573382282e-22,0,24.360608356536684,101.29952974926505,1.3859279155731201,0,0,0,0,0
feeder10,1.4002400586603725,0.04146611963528989,0,0.05945579906917969,-0.08332288565693849,14366152573382282e-22,0,24.360608356536684,101.29952974926505,1.3859279155731201,0,0,0,0,0
feeder11,2.1133355369626003,0.10150178436344892,0,0.11125564256641975,-0.08329984969362186,14366152573382282e-22,0,24.360608356536684,101.29952974926505,1.3859279155731201,0,0,0,0,0
feeder12,1.9060490286252967,-0.0911362833132363,0,0.05105579575331388,-0.08332336236057092,14366152573382282e-22,0,24.360608356536684,101.29952974926505,1.3859279155731201,0,0,0,0,0
