Feeder,Pf,QF,Pg,B,R,P_rsrv,P_0,Cost,time
feeder1,-1.7416365133169558,-0.16334998903226228,4.925598728699656,0.16664261566619462,0.0830377846172997,0,-27.214817899548407,-80.41978689316555,2.339909076690674
feeder2,-2.9301579403905786,-0.11375,5.122120155773529,0.16664261566617766,0.08303778461704941,0,-27.214817899548407,-80.41978689316555,2.339909076690674
feeder3,-3.957608753089476,-0.12470000000000002,6.368570968472422,0.16664261566618066,0.08303778461705384,0,-27.214817899548407,-80.41978689316555,2.339909076690674
feeder4,-2.2453937748559074,-0.08765,3.915355990238914,0.16664261566617164,0.08303778461699371,0,-27.214817899548407,-80.41978689316555,2.339909076690674
feeder5,-2.3420359879594397,-0.10679998857113959,4.426562402278699,0.16401220766247718,0.05147358568074078,0,-27.214817899548407,-80.41978689316555,2.339909076690674
feeder6,-5.498131939750548,-0.18830000000000002,9.212658354069813,0.16401220766247804,0.05147358568073557,0,-27.214817899548407,-80.41978689316555,2.339909076690674
feeder7,1.8975264143192423,-0.09745000000000001,0,0.16401220766247712,0.05147358568075773,0,-27.214817899548407,-80.41978689316555,2.339909076690674
feeder8,-4.673464386585167,-0.16785000000000003,7.97899080090446,0.16401220766247576,0.05147358568070709,0,-27.214817899548407,-80.41978689316555,2.339909076690674
feeder9,-1.0293412412140308,-0.06344998987088328,2.3638502011580744,0.1542636483313446,-0.06550895994404377,0,-27.214817899548407,-80.41978689316555,2.339909076690674
feeder10,1.7615089599440668,-0.0848,0,0.15426364833134346,-0.06550895994406677,0,-27.214817899548407,-80.41978689316555,2.339909076690674
feeder11,-3.793960910952786,-0.11220000000000002,6.103469870897054,0.1542636483313246,-0.06550895994426739,0,-27.214817899548407,-80.41978689316555,2.339909076690674
feeder12,-3.2210556810209003,-0.10275000000000001,5.341564640965134,0.15426364833132866,-0.06550895994423368,0,-27.214817899548407,-80.41978689316555,2.339909076690674
