Feeder,Pf,QF,Pg,B,R,P_rsrv,P_0,Cost,time
feeder1,-2.5295748407804,-0.10189042304869801,6.2425748984934435,0.24999997183843775,-57713043285255986e-24,0,-23.23405379933323,-69.585991129003,2.441274881362915
feeder2,-1.665511578192382,-0.11245000000000001,3.9145116359054253,0.24999997183843775,-577130432852691e-22,0,-23.23405379933323,-69.585991129003,2.441274881362915
feeder3,-2.061094895550493,-0.1403,4.867094953263536,0.24999997183843775,-57713043285282926e-24,0,-23.23405379933323,-69.585991129003,2.441274881362915
feeder4,-1.2712582486889157,-0.08605000000000002,2.992258306401959,0.24999997183843775,-5771304328528739e-23,0,-23.23405379933323,-69.585991129003,2.441274881362915
feeder5,-1.9176671728415762,0.004501032607154676,4.2356672340234525,0.24999997134593488,-6118187615280788e-23,0,-23.23405379933323,-69.585991129003,2.441274881362915
feeder6,-3.187650534251385,-0.19265000000000002,7.040650595433261,0.24999997134593488,-6118187615273338e-23,0,-23.23405379933323,-69.585991129003,2.441274881362915
feeder7,-1.6975743642259375,-0.1081,3.8595744254078137,0.24999997134593488,-6118187615279865e-23,0,-23.23405379933323,-69.585991129003,2.441274881362915
feeder8,-2.6048366515545123,-0.17465,6.097836712736388,0.24999997134593488,-6118187615276967e-23,0,-23.23405379933323,-69.585991129003,2.441274881362915
feeder9,-1.1990292270092648,0.027516657428407837,2.5780292840120405,0.24999997153844383,-5700277554777767e-23,0,-23.23405379933323,-69.585991129003,2.441274881362915
feeder10,-1.250650663779664,-0.08435000000000001,2.9376507207824396,0.24999997153844383,-5700277554774974e-23,0,-23.23405379933323,-69.585991129003,2.441274881362915
feeder11,-2.0332085599534104,-0.1315,4.663208616956186,0.24999997153844383,-5700277554773436e-23,0,-23.23405379933323,-69.585991129003,2.441274881362915
feeder12,-1.821093286399955,-0.11299999999999999,4.08109334340273,0.24999997153844383,-57002775547761935e-24,0,-23.23405379933323,-69.585991129003,2.441274881362915
