Feeder,Pf,QF,Pg,B,R,P_rsrv,P_0,Cost,time
feeder1,-0.6861653227384164,-0.03269221379024141,4.0864978494991355,0.1388765424457521,-0.08333252676071895,0,-6.699847450720725,-19.066649203509396,2.2661678791046143
feeder2,-0.31017478290010475,0.10845,2.5625073096608237,0.1388765424457521,-0.08333252676071895,0,-6.699847450720725,-19.066649203509396,2.2661678791046143
feeder3,-0.44275236826255343,-0.133,3.1860848950232725,0.1388765424457521,-0.08333252676071895,0,-6.699847450720725,-19.066649203509396,2.2661678791046143
feeder4,-0.15445173440160703,-0.08605000000000002,1.958784261162326,0.1388765424457521,-0.08333252676071895,0,-6.699847450720725,-19.066649203509396,2.2661678791046143
feeder5,-0.4374087395171178,-0.07906207556362146,2.7727412437357515,0.13095766730370503,-0.08333250421863395,0,-6.699847450720725,-19.066649203509396,2.2661678791046143
feeder6,-0.39459966757002407,0.20655,4.608932171788658,0.13095766730370287,-0.08333250421863395,0,-6.699847450720725,-19.066649203509396,2.2661678791046143
feeder7,-0.4082119532229642,-0.10175000000000001,2.5265444574415983,0.13095766730370312,-0.08333250421863395,0,-6.699847450720725,-19.066649203509396,2.2661678791046143
feeder8,-0.4604173238262361,-0.1724,3.99174982804487,0.13095766730370206,-0.08333250421863395,0,-6.699847450720725,-19.066649203509396,2.2661678791046143
feeder9,-0.3379433507700804,0.04456624283522127,1.6882758581995416,0.11954663974355671,-0.0833325074294613,0,-6.699847450720725,-19.066649203509396,2.2661678791046143
feeder10,-0.07044902430939004,0.08850000000000001,1.9237815317388514,0.11954663974355557,-0.0833325074294613,0,-6.699847450720725,-19.066649203509396,2.2661678791046143
feeder11,-0.5144664185219427,-0.1228,3.053798925951404,0.11954663974353667,-0.0833325074294613,0,-6.699847450720725,-19.066649203509396,2.2661678791046143
feeder12,-0.4832561525489434,-0.1053,2.6725886599784046,0.11954663974354073,-0.0833325074294613,0,-6.699847450720725,-19.066649203509396,2.2661678791046143
