Feeder,Pf,QF,Pg,B,R,P_rsrv,P_0,Cost,time
feeder1,-3.5694104801968627,-0.165249991253143,6.791077593321614,0.2152777810435697,0.08333288687524922,0,-27.326229739548236,-102.7010801044688,2.3899779319763184
feeder2,-2.3388792017308986,-0.11230000000000001,4.501546314855649,0.21527778104357362,0.08333288687524922,0,-27.326229739548236,-102.7010801044688,2.3899779319763184
feeder3,-3.1733154453006622,-0.12535000000000002,5.596982558425413,0.21527778104357626,0.08333288687524922,0,-27.326229739548236,-102.7010801044688,2.3899779319763184
feeder4,-1.8373213434504676,-0.08435000000000001,3.4409884565752185,0.21527778104357223,0.08333288687524922,0,-27.326229739548236,-102.7010801044688,2.3899779319763184
feeder5,-0.25269027913442077,-0.10629999073323451,2.2953573917690466,0.21527771869317183,0.08333288736537406,0,-27.326229739548236,-102.7010801044688,2.3899779319763184
feeder6,-4.357825551060846,-0.19110000000000002,8.096492663695471,0.21527771869317314,0.08333288736537406,0,-27.326229739548236,-102.7010801044688,2.3899779319763184
feeder7,-2.548703403943757,-0.09865000000000002,4.438370516578383,0.21527771869317036,0.08333288736537406,0,-27.326229739548236,-102.7010801044688,2.3899779319763184
feeder8,-3.753623802796737,-0.16710000000000003,7.012290915431363,0.21527771869317322,0.08333288736537406,0,-27.326229739548236,-102.7010801044688,2.3899779319763184
feeder9,0.07822416456927242,-0.06329999208163284,1.1044429471775068,0.21527771026112597,0.0833328882532208,0,-27.326229739548236,-102.7010801044688,2.3899779319763184
feeder10,-1.7812349464391914,-0.08405000000000001,3.378902058185971,0.21527771026112674,0.0833328882532208,0,-27.326229739548236,-102.7010801044688,2.3899779319763184
feeder11,-3.0999811538942352,-0.11735000000000001,5.3636482656410145,0.21527771026112458,0.0833328882532208,0,-27.326229739548236,-102.7010801044688,2.3899779319763184
feeder12,-2.6984289562839705,-0.10395000000000001,4.69409606803075,0.21527771026112585,0.0833328882532208,0,-27.326229739548236,-102.7010801044688,2.3899779319763184
