Feeder,Pf,QF,Pg,B,R,P_rsrv,P_0,Cost,time
feeder1,2.8220001565253816,0.07063767996849582,0,0.2499999654265782,-15652538164109577e-23,0,24.802778163575333,73.2095335461532,2.2683629989624023
feeder2,1.8380001565253816,0.09190000000000001,0,0.2499999654265782,-1565253816410824e-22,0,24.802778163575333,73.2095335461532,2.2683629989624023
feeder3,2.1810001565253816,-0.10905000000000001,0,0.2499999654265782,-15652538164114043e-23,0,24.802778163575333,73.2095335461532,2.2683629989624023
feeder4,1.2990001565253815,-0.06495,0,0.2499999654265782,-15652538164102785e-23,0,24.802778163575333,73.2095335461532,2.2683629989624023
feeder5,2.0240001613050485,0.06135660473773627,0,0.24999996494105506,-1613050485724583e-22,0,24.802778163575333,73.2095335461532,2.2683629989624023
feeder6,3.1260001613050483,0.1563,0,0.24999996494105506,-16130504857248354e-23,0,24.802778163575333,73.2095335461532,2.2683629989624023
feeder7,1.8480001613050487,-0.09240000000000001,0,0.24999996494105506,-16130504857241686e-23,0,24.802778163575333,73.2095335461532,2.2683629989624023
feeder8,2.8650001613050486,-0.14325000000000002,0,0.24999996494105506,-16130504857238669e-23,0,24.802778163575333,73.2095335461532,2.2683629989624023
feeder9,1.3150001523142016,0.044164046939063686,0,0.2499999660205234,-15231420177941935e-23,0,24.802778163575333,73.2095335461532,2.2683629989624023
feeder10,1.3060001523142017,-0.06530000000000001,0,0.2499999660205234,-15231420177943282e-23,0,24.802778163575333,73.2095335461532,2.2683629989624023
feeder11,2.1810001523142017,0.10905000000000001,0,0.2499999660205234,-15231420177947943e-23,0,24.802778163575333,73.2095335461532,2.2683629989624023
feeder12,1.9920001523142017,-0.09960000000000001,0,0.2499999660205234,-1523142017794369e-22,0,24.802778163575333,73.2095335461532,2.2683629989624023
