Feeder,Pf,QF,Pg,B,R,P_rsrv,P_0,Cost,time
feeder1,3.89500005041733,0.11806460626070789,0,0.24999996854282366,-5041732994633969e-23,0,33.45650644393193,104.80250643561676,2.444507122039795
feeder2,2.1870000504173297,0.10935,0,0.24999996854282366,-50417329946511504e-24,0,33.45650644393193,104.80250643561676,2.444507122039795
feeder3,3.11600005041733,-0.15580000000000002,0,0.24999996854282366,-5041732994613386e-23,0,33.45650644393193,104.80250643561676,2.444507122039795
feeder4,1.8630000504173299,-0.09315000000000001,0,0.24999996854282366,-5041732994598347e-23,0,33.45650644393193,104.80250643561676,2.444507122039795
feeder5,2.9430000311350772,0.07834040629687383,0,0.24999996750973105,-31135077038468506e-24,0,33.45650644393193,104.80250643561676,2.444507122039795
feeder6,4.044000031135076,0.2022,0,0.24999996750973105,-3113507703893078e-23,0,33.45650644393193,104.80250643561676,2.444507122039795
feeder7,2.5390000311350773,-0.12695,0,0.24999996750973105,-3113507703847006e-23,0,33.45650644393193,104.80250643561676,2.444507122039795
feeder8,3.7170000311350773,-0.18585000000000002,0,0.24999996750973105,-3113507703867164e-23,0,33.45650644393193,104.80250643561676,2.444507122039795
feeder9,1.8740000474166942,0.05733598513895795,0,0.24999996932197222,-4741669419193638e-23,0,33.45650644393193,104.80250643561676,2.444507122039795
feeder10,1.8500000474166942,-0.09250000000000001,0,0.24999996932197222,-47416694191909014e-24,0,33.45650644393193,104.80250643561676,2.444507122039795
feeder11,2.843000047416694,0.14215,0,0.24999996932197222,-4741669419169626e-23,0,33.45650644393193,104.80250643561676,2.444507122039795
feeder12,2.5750000474166943,-0.12875,0,0.24999996932197222,-47416694191906116e-24,0,33.45650644393193,104.80250643561676,2.444507122039795
