Feeder,Pf,QF,Pg,B,R,P_rsrv,P_0,Cost,time
feeder1,3.697258478221176,0.128376237376179,0.3917415726028075,0.249999983568192,-50823983143034606e-24,0,31.044262381144733,140.26832552547228,2.4395389556884766
feeder2,2.0573518576882313,0.11515,0.2456481931357517,0.249999983568192,-50823983143008646e-24,0,31.044262381144733,140.26832552547228,2.4395389556884766
feeder3,3.0295741912805147,-0.16675,0.3054258595434685,0.249999983568192,-5082398314300801e-23,0,31.044262381144733,140.26832552547228,2.4395389556884766
feeder4,1.7542262198252485,-0.0971,0.18777383099873465,0.249999983568192,-5082398314299062e-23,0,31.044262381144733,140.26832552547228,2.4395389556884766
feeder5,2.66919837489964,0.08273344443876068,0.2658016728887027,0.24999998385086705,-47788342614451094e-24,0,31.044262381144733,140.26832552547228,2.4395389556884766
feeder6,3.722176582147194,0.2082,0.44182346564114805,0.24999998385086705,-4778834261442669e-23,0,31.044262381144733,140.26832552547228,2.4395389556884766
feeder7,2.3007993412741334,-0.12715,0.2422007065142091,0.24999998385086705,-47788342614438415e-24,0,31.044262381144733,140.26832552547228,2.4395389556884766
feeder8,3.4423411851141292,-0.19125000000000003,0.3826588626742137,0.24999998385086705,-4778834261445286e-23,0,31.044262381144733,140.26832552547228,2.4395389556884766
feeder9,1.6578911060471127,0.06233706960247114,0.16210895521962243,0.24999998272013196,-612667349121264e-22,0,31.044262381144733,140.26832552547228,2.4395389556884766
feeder10,1.6772776631123978,-0.09310000000000002,0.18472239815433739,0.24999998272013196,-6126673491209665e-23,0,31.044262381144733,140.26832552547228,2.4395389556884766
feeder11,2.6147728669225803,0.1454,0.29322719434415434,0.24999998272013196,-612667349121157e-22,0,31.044262381144733,140.26832552547228,2.4395389556884766
feeder12,2.412376854106061,-0.13345,0.25662320716067394,0.24999998272013196,-6126673491211319e-23,0,31.044262381144733,140.26832552547228,2.4395389556884766
