Feeder,Pf,QF,Pg,B,R,P_rsrv,P_0,Cost,time
feeder1,2.849999821011049,0.07261337144450368,0,0.249999980342347,17898895110728892e-23,0,25.01888325884813,78.18401018390041,2.285749912261963
feeder2,1.8499998210110489,0.09250000000000001,0,0.249999980342347,17898895110713283e-23,0,25.01888325884813,78.18401018390041,2.285749912261963
feeder3,2.207999821011049,-0.11040000000000001,0,0.249999980342347,1789889511070757e-22,0,25.01888325884813,78.18401018390041,2.285749912261963
feeder4,1.3119998210110488,-0.0656,0,0.249999980342347,17898895110724305e-23,0,25.01888325884813,78.18401018390041,2.285749912261963
feeder5,2.0439998165790314,0.06273593458177618,0,0.2499999802261591,18342096867207472e-23,0,25.01888325884813,78.18401018390041,2.285749912261963
feeder6,3.142999816579031,0.15715,0,0.2499999802261591,18342096867220649e-23,0,25.01888325884813,78.18401018390041,2.285749912261963
feeder7,1.8649998165790314,-0.09325,0,0.2499999802261591,18342096867225858e-23,0,25.01888325884813,78.18401018390041,2.285749912261963
feeder8,2.8869998165790314,-0.14435,0,0.2499999802261591,18342096867209987e-23,0,25.01888325884813,78.18401018390041,2.285749912261963
feeder9,1.330999824818454,0.045691906902593976,0,0.24999998061900788,175181546007161e-21,0,25.01888325884813,78.18401018390041,2.285749912261963
feeder10,1.318999824818454,-0.06595,0,0.24999998061900788,17518154600712165e-23,0,25.01888325884813,78.18401018390041,2.285749912261963
feeder11,2.196999824818454,0.10985,0,0.24999998061900788,17518154600711392e-23,0,25.01888325884813,78.18401018390041,2.285749912261963
feeder12,2.006999824818454,-0.10035000000000001,0,0.24999998061900788,1751815460071838e-22,0,25.01888325884813,78.18401018390041,2.285749912261963
