Feeder,Pf,QF,Pg,B,R,P_rsrv,P_0,Cost,time
feeder1,-0.8404460073992204,0.12814305063885167,3.9634459786017944,0.24999998325482337,28797426232704193e-24,0,-7.721758995437909,-70.78279079151417,2.2997281551361084
feeder2,-0.6353454831679892,-0.09250000000000001,2.485345454370563,0.24999998325482337,2879742623269053e-23,0,-7.721758995437909,-70.78279079151417,2.2997281551361084
feeder3,-0.7341459890573048,-0.1178,3.0901459602598784,0.24999998325482337,2879742623272241e-23,0,-7.721758995437909,-70.78279079151417,2.2997281551361084
feeder4,-0.5138016571552229,-0.0693,1.8998016283577965,0.24999998325482337,28797426232710407e-24,0,-7.721758995437909,-70.78279079151417,2.2997281551361084
feeder5,-0.7492490390584859,-0.097,2.689249020099707,0.24999998285314978,18958778934785468e-24,0,-7.721758995437909,-70.78279079151417,2.2997281551361084
feeder6,-0.6671486813535633,0.18039039270409465,4.470148662394784,0.24999998285314978,18958778934778725e-24,0,-7.721758995437909,-70.78279079151417,2.2997281551361084
feeder7,-0.6454655293961938,-0.09025,2.450465510437415,0.24999998285314978,18958778934760328e-24,0,-7.721758995437909,-70.78279079151417,2.2997281551361084
feeder8,-0.9385508444777634,-0.14665,3.8715508255189843,0.24999998285314978,18958778934806584e-24,0,-7.721758995437909,-70.78279079151417,2.2997281551361084
feeder9,-0.4754974282520984,0.05453507260086066,1.6404974029694337,0.24999998303209203,25282664731187895e-24,0,-7.721758995437909,-70.78279079151417,2.2997281551361084
feeder10,-0.4693380552189773,0.06999999999999999,1.8693380299363125,0.24999998303209203,25282664731182492e-24,0,-7.721758995437909,-70.78279079151417,2.2997281551361084
feeder11,-0.5203756726098318,-0.12235000000000001,2.967375647327167,0.24999998303209203,25282664731173313e-24,0,-7.721758995437909,-70.78279079151417,2.2997281551361084
feeder12,-0.5329537531617569,-0.10320000000000001,2.596953727879092,0.24999998303209203,25282664731166746e-24,0,-7.721758995437909,-70.78279079151417,2.2997281551361084
