Feeder,Pf,QF,Pg,B,R,P_rsrv,P_0,Cost,time
feeder1,2.6131372120530583,0.07418622984307588,0.2928623590046735,0.24999997987290398,4289422684409311e-22,0,21.81864763530699,67.85599414580474,2.1845171451568604
feeder2,1.5813551436756206,0.08825,0.18364442738211106,0.24999997987290398,42894226844076365e-23,0,21.81864763530699,67.85599414580474,2.1845171451568604
feeder3,1.961665886337516,-0.1095,0.22833368472021556,0.24999997987290398,42894226844113296e-23,0,21.81864763530699,67.85599414580474,2.1845171451568604
feeder4,1.1056215074908184,-0.0623,0.1403780635669132,0.24999997987290398,4289422684409014e-22,0,21.81864763530699,67.85599414580474,2.1845171451568604
feeder5,1.5992887523499721,0.039021838335424136,0.19871080428885435,0.2499999796507966,44336117347425903e-23,0,21.81864763530699,67.85599414580474,2.1845171451568604
feeder6,3.0616962219555983,0.1696,0.33030333468322814,0.2499999796507966,4433611734742008e-22,0,21.81864763530699,67.85599414580474,2.1845171451568604
feeder7,1.531932439915666,-0.08565,0.18106711672316067,0.2499999796507966,44336117347422795e-23,0,21.81864763530699,67.85599414580474,2.1845171451568604
feeder8,2.458927158460587,-0.13725,0.2860723981782395,0.2499999796507966,44336117347406024e-23,0,21.81864763530699,67.85599414580474,2.1845171451568604
feeder9,0.9782594604071186,0.03342612782878657,0.12374012066533258,0.24999997997676301,41892754884176266e-23,0,21.81864763530699,67.85599414580474,2.1845171451568604
feeder10,1.112998068844155,-0.0627,0.14100151222829624,0.24999997997676301,4189275488419082e-22,0,21.81864763530699,67.85599414580474,2.1845171451568604
feeder11,2.102174651112189,0.11630000000000001,0.2238249299602624,0.24999997997676301,4189275488418816e-22,0,21.81864763530699,67.85599414580474,2.1845171451568604
feeder12,1.707115050316749,-0.09515000000000001,0.19588453075570214,0.24999997997676301,41892754884156064e-23,0,21.81864763530699,67.85599414580474,2.1845171451568604
