Feeder,Pf,QF,Pg,B,R,P_rsrv,P_0,Cost,time
feeder1,2.8659998796796624,0.06806603562082073,0,0.24999998345679222,12032033747584848e-23,0,23.687004635531657,77.69337520454384,2.3865461349487305
feeder2,1.7639998796796625,0.0882,0,0.24999998345679222,12032033747590463e-23,0,23.687004635531657,77.69337520454384,2.3865461349487305
feeder3,2.125999879679662,-0.1063,0,0.24999998345679222,12032033747583295e-23,0,23.687004635531657,77.69337520454384,2.3865461349487305
feeder4,1.2129998796796626,-0.06065000000000001,0,0.24999998345679222,12032033747569612e-23,0,23.687004635531657,77.69337520454384,2.3865461349487305
feeder5,1.7569998791572605,0.040769143952626485,0,0.24999998343187013,12084273926553673e-23,0,23.687004635531657,77.69337520454384,2.3865461349487305
feeder6,3.2299998791572606,0.1615,0,0.24999998343187013,1208427392656875e-22,0,23.687004635531657,77.69337520454384,2.3865461349487305
feeder7,1.6819998791572606,-0.08410000000000001,0,0.24999998343187013,12084273926549316e-23,0,23.687004635531657,77.69337520454384,2.3865461349487305
feeder8,2.6809998791572607,-0.13405,0,0.24999998343187013,12084273926544297e-23,0,23.687004635531657,77.69337520454384,2.3865461349487305
feeder9,1.0642538803728738,0.02937897422589516,0.0047459873445721,0.2499999833599461,13228255410070752e-23,0,23.687004635531657,77.69337520454384,2.3865461349487305
feeder10,1.2025916121191125,-0.0604,0.005408255598333432,0.2499999833599461,13228255410077232e-23,0,23.687004635531657,77.69337520454384,2.3865461349487305
feeder11,2.2624148361715126,0.11355,0.008585031545932976,0.2499999833599461,1322825541007142e-22,0,23.687004635531657,77.69337520454384,2.3865461349487305
feeder12,1.8334865184395235,-0.09205,0.007513349277922453,0.2499999833599461,13228255410052644e-23,0,23.687004635531657,77.69337520454384,2.3865461349487305
