Feeder,Pf,QF,Pg,B,R,P_rsrv,P_0,Cost,time
feeder1,2.6730000906262004,0.05932000620737023,0,0.24999997974028834,-9062620048765637e-23,0,22.248630899544864,132.02708386304914,2.372771978378296
feeder2,1.7450000906262007,0.08725000000000001,0,0.24999997974028834,-9062620048746404e-23,0,22.248630899544864,132.02708386304914,2.372771978378296
feeder3,1.9740000906262005,-0.09870000000000001,0,0.24999997974028834,-9062620048685515e-23,0,22.248630899544864,132.02708386304914,2.372771978378296
feeder4,1.1600000906262005,-0.057999999999999996,0,0.24999997974028834,-9062620048698373e-23,0,22.248630899544864,132.02708386304914,2.372771978378296
feeder5,1.6890000898412456,0.03981531406704111,0,0.24999997972233254,-8984124558740922e-23,0,22.248630899544864,132.02708386304914,2.372771978378296
feeder6,2.9860000898412453,0.14930000000000002,0,0.24999997972233257,-8984124525399553e-23,0,22.248630899544864,132.02708386304914,2.372771978378296
feeder7,1.5550000898412453,-0.07775,0,0.24999997972233257,-8984124525426588e-23,0,22.248630899544864,132.02708386304914,2.372771978378296
feeder8,2.510000089841245,-0.1255,0,0.24999997972233257,-8984124525390916e-23,0,22.248630899544864,132.02708386304914,2.372771978378296
feeder9,1.0260000910022666,0.02967559447864026,0,0.24999997948010536,-9100226651352907e-23,0,22.248630899544864,132.02708386304914,2.372771978378296
feeder10,1.1140000910022667,-0.055700000000000006,0,0.24999997948010536,-9100226651357984e-23,0,22.248630899544864,132.02708386304914,2.372771978378296
feeder11,2.0760000910022667,0.1038,0,0.24999997948010536,-9100226651315654e-23,0,22.248630899544864,132.02708386304914,2.372771978378296
feeder12,1.7360000910022666,-0.0868,0,0.24999997948010536,-9100226651348687e-23,0,22.248630899544864,132.02708386304914,2.372771978378296
