Feeder,Pf,QF,Pg,B,R,P_rsrv,P_0,Cost,time
feeder1,2.71799980063411,0.06033511442537118,0,0.2499999885153523,1993658901677652e-22,0,22.472728723312926,51.40636695457832,2.5305371284484863
feeder2,1.7529998006341097,0.08765,0,0.2499999885153523,19936589016786643e-23,0,22.472728723312926,51.40636695457832,2.5305371284484863
feeder3,1.9959998006341098,-0.0998,0,0.2499999885153523,19936589016805688e-23,0,22.472728723312926,51.40636695457832,2.5305371284484863
feeder4,1.1629998006341098,-0.05815000000000001,0,0.2499999885153523,1993658901680659e-22,0,22.472728723312926,51.40636695457832,2.5305371284484863
feeder5,1.6989997837027075,0.04021976712332989,0,0.24999998881890537,21629729257967213e-23,0,22.472728723312926,51.40636695457832,2.5305371284484863
feeder6,3.0219997837027073,0.1511,0,0.24999998881890537,21629729257975887e-23,0,22.472728723312926,51.40636695457832,2.5305371284484863
feeder7,1.5759997837027075,-0.07880000000000001,0,0.24999998881890537,21629729257952813e-23,0,22.472728723312926,51.40636695457832,2.5305371284484863
feeder8,2.5369997837027074,-0.12685,0,0.24999998881890537,21629729257964388e-23,0,22.472728723312926,51.40636695457832,2.5305371284484863
feeder9,1.0259998168064275,0.029803831137282612,0,0.2499999885354239,18319357257713291e-23,0,22.472728723312926,51.40636695457832,2.5305371284484863
feeder10,1.1239998168064276,-0.05620000000000001,0,0.2499999885354239,18319357257709228e-23,0,22.472728723312926,51.40636695457832,2.5305371284484863
feeder11,2.1079998168064273,0.10540000000000001,0,0.2499999885354239,18319357257713548e-23,0,22.472728723312926,51.40636695457832,2.5305371284484863
feeder12,1.7459998168064275,-0.0873,0,0.2499999885354239,1831935725770352e-22,0,22.472728723312926,51.40636695457832,2.5305371284484863
