Feeder,Pf,QF,Pg,B,R,P_rsrv,P_0,Cost,time
feeder1,1.9536737849507984,0.08732471275576051,1.352325869349082,0.2499999896668115,3457001196200692e-22,0,16.780134849657745,49.123844772373054,1.898310899734497
feeder2,1.3970008444398365,0.11225000000000002,0.8479988098600441,0.2499999896668115,34570011962011275e-23,0,16.780134849657745,49.123844772373054,1.898310899734497
feeder3,1.44964316957617,-0.1252,1.0543564847237104,0.2499999896668115,34570011962009836e-23,0,16.780134849657745,49.123844772373054,1.898310899734497
feeder4,1.033788148336178,-0.08410000000000001,0.6482115059637024,0.2499999896668115,34570011962008353e-23,0,16.780134849657745,49.123844772373054,1.898310899734497
feeder5,1.2084292359595226,0.0623306702384816,0.9175704186882836,0.24999998966892728,3453521937050166e-22,0,16.780134849657745,49.123844772373054,1.898310899734497
feeder6,2.299786836066709,0.19125000000000003,1.5252128185810976,0.24999998966892728,3453521937050596e-22,0,16.780134849657745,49.123844772373054,1.898310899734497
feeder7,1.1359018667930856,-0.09860000000000001,0.8360977878547206,0.24999998966892728,3453521937050481e-22,0,16.780134849657745,49.123844772373054,1.898310899734497
feeder8,2.0180281629063344,-0.16695000000000002,1.320971491741472,0.24999998966892728,34535219370503673e-23,0,16.780134849657745,49.123844772373054,1.898310899734497
feeder9,0.708410084885708,-0.06335,0.5585895791565516,0.2499999893713142,33595774030610813e-23,0,16.780134849657745,49.123844772373054,1.898310899734497
feeder10,1.0384895654027435,0.043592227230515534,0.6365100986395161,0.2499999893713142,33595774030611353e-23,0,16.780134849657745,49.123844772373054,1.898310899734497
feeder11,1.3416074633095423,0.1176,1.0103922007327173,0.2499999893713142,33595774030615705e-23,0,16.780134849657745,49.123844772373054,1.898310899734497
feeder12,1.1927362258502403,-0.10385,0.8842634381920194,0.2499999893713142,33595774030613677e-23,0,16.780134849657745,49.123844772373054,1.898310899734497
