Feeder,Pf,QF,Pg,B,R,P_rsrv,P_0,Cost,time
feeder1,0.5384954872963371,0.09208250853248502,2.8155041663939633,0.2499999858712305,3463096997344055e-22,0,5.7236843932933095,16.43651368274062,1.9107739925384521
feeder2,0.407490273034608,0.10865000000000001,1.7655093806556923,0.2499999858712305,3463096997343668e-22,0,5.7236843932933095,16.43651368274062,1.9107739925384521
feeder3,0.523859468715166,-0.13595,2.195140184975134,0.2499999858712305,3463096997342824e-22,0,5.7236843932933095,16.43651368274062,1.9107739925384521
feeder4,0.38244175205038117,-0.08660000000000001,1.349557901639919,0.2499999858712305,34630969973436544e-23,0,5.7236843932933095,16.43651368274062,1.9107739925384521
feeder5,0.37064396549932765,0.040464557943160645,1.910355687296823,0.24999998583814959,3472038494734914e-22,0,5.7236843932933095,16.43651368274062,1.9107739925384521
feeder6,1.0995499854249682,0.21375000000000002,3.1754496673711827,0.24999998583814959,34720384947349695e-23,0,5.7236843932933095,16.43651368274062,1.9107739925384521
feeder7,0.3722678611482262,-0.10565000000000001,1.7407317916479244,0.24999998583814959,34720384947341897e-23,0,5.7236843932933095,16.43651368274062,1.9107739925384521
feeder8,0.6777746134081555,-0.1714,2.750225039387995,0.24999998583814959,34720384947355666e-23,0,5.7236843932933095,16.43651368274062,1.9107739925384521
feeder9,0.11578295749113703,0.05051068192765969,1.1632166986879398,0.24999998595442388,3438209231417565e-22,0,5.7236843932933095,16.43651368274062,1.9107739925384521
feeder10,0.409520164359423,-0.08675000000000001,1.325479491819654,0.24999998595442388,34382092314173416e-23,0,5.7236843932933095,16.43651368274062,1.9107739925384521
feeder11,0.5009416944463708,0.13025,2.104057961732706,0.24999998595442388,3438209231417489e-22,0,5.7236843932933095,16.43651368274062,1.9107739925384521
feeder12,0.324594382021353,-0.10830000000000001,1.8414052741577238,0.24999998595442388,34382092314175666e-23,0,5.7236843932933095,16.43651368274062,1.9107739925384521
