Feeder,Pf,QF,Pg,B,R,P_rsrv,P_0,Cost,time
feeder1,3.783000056122639,0.11410581151186014,0,0.24999998597189735,-5612263905513985e-23,0,32.913174332911105,150.66005550890057,2.503720998764038
feeder2,2.161000056122639,0.10805000000000001,0,0.24999998597189735,-561226390550628e-22,0,32.913174332911105,150.66005550890057,2.503720998764038
feeder3,3.064000056122639,-0.1532,0,0.24999998597189735,-56122639055060185e-24,0,32.913174332911105,150.66005550890057,2.503720998764038
feeder4,1.811000056122639,-0.09055,0,0.24999998597189735,-56122639055045845e-24,0,32.913174332911105,150.66005550890057,2.503720998764038
feeder5,2.9130000560691385,0.07563898704884056,0,0.2499999857075553,-5606913882891728e-23,0,32.913174332911105,150.66005550890057,2.503720998764038
feeder6,4.001000056069139,0.20005000000000003,0,0.2499999857075553,-560691388288687e-22,0,32.913174332911105,150.66005550890057,2.503720998764038
feeder7,2.5170000560691386,-0.12585,0,0.2499999857075553,-5606913882889804e-23,0,32.913174332911105,150.66005550890057,2.503720998764038
feeder8,3.6350000560691385,-0.18175,0,0.2499999857075553,-5606913882889875e-23,0,32.913174332911105,150.66005550890057,2.503720998764038
feeder9,1.855000052112059,0.05705754308248634,0,0.2499999863165145,-52112059162276934e-24,0,32.913174332911105,150.66005550890057,2.503720998764038
feeder10,1.8220000521120592,-0.09110000000000001,0,0.2499999863165145,-5211205916229058e-23,0,32.913174332911105,150.66005550890057,2.503720998764038
feeder11,2.787000052112059,0.13935,0,0.2499999863165145,-5211205916226346e-23,0,32.913174332911105,150.66005550890057,2.503720998764038
feeder12,2.554000052112059,-0.1277,0,0.2499999863165145,-52112059162249174e-24,0,32.913174332911105,150.66005550890057,2.503720998764038
