Feeder,Pf,QF,Pg,B,R,P_rsrv,P_0,Cost,time
feeder1,-1.2530545993894908,-0.164299992252372,4.455722400355483,0.24999994244109724,0.08333219903400814,0,-27.286311924798635,-103.82441687385881,2.517078161239624
feeder2,-3.1053292556752896,-0.1132,5.285997056641281,0.24999994244109724,0.0833321990340082,0,-27.286311924798635,-103.82441687385881,2.517078161239624
feeder3,-4.149658964233146,-0.1253,6.572326765199137,0.24999994244109724,0.08333219903400813,0,-27.286311924798635,-103.82441687385881,2.517078161239624
feeder4,-2.395955927233171,-0.0864,4.040623728199162,0.24999994244109724,0.08333219903400822,0,-27.286311924798635,-103.82441687385881,2.517078161239624
feeder5,-2.0080769179951745,-0.10654999185633107,4.0557447205330615,0.2499999423779862,0.08333219746211279,0,-27.286311924798635,-103.82441687385881,2.517078161239624
feeder6,-5.803739962694535,-0.18935000000000002,9.507407765232422,0.2499999423779862,0.08333219746211279,0,-27.286311924798635,-103.82441687385881,2.517078161239624
feeder7,1.8776678025378872,-0.09805000000000001,0,0.2499999423779862,0.08333219746211282,0,-27.286311924798635,-103.82441687385881,2.517078161239624
feeder8,-4.963602500748153,-0.16770000000000002,8.23427030328604,0.2499999423779862,0.08333219746211282,0,-27.286311924798635,-103.82441687385881,2.517078161239624
feeder9,-1.4855185841223257,-0.06329999288256785,2.668186378225439,0.2499999433608829,0.08333220589688686,0,-27.286311924798635,-103.82441687385881,2.517078161239624
feeder10,1.6136677941031132,-0.08485000000000001,0,0.2499999433608829,0.08333220589688689,0,-27.286311924798635,-103.82441687385881,2.517078161239624
feeder11,-4.095950208582637,-0.11430000000000001,6.298618002685751,0.2499999433608829,0.08333220589688688,0,-27.286311924798635,-103.82441687385881,2.517078161239624
feeder12,-3.5236843468517116,-0.10360000000000001,5.512352140954825,0.2499999433608829,0.08333220589688688,0,-27.286311924798635,-103.82441687385881,2.517078161239624
