Feeder,Pf,QF,Pg,B,R,P_rsrv,P_0,Cost,time
feeder1,-2.3056314524001307,-0.0435756008151814,5.682631459407219,0.2499999827517041,-7007088132999243e-24,0,-19.216794831100618,-107.1816731704637,2.517664909362793
feeder2,-1.4553895794326008,-0.10540000000000001,3.563389586439689,0.2499999827517041,-7007088132956046e-24,0,-19.216794831100618,-107.1816731704637,2.517664909362793
feeder3,-1.702528520125758,-0.13640000000000002,4.4305285271328465,0.2499999827517041,-7007088133005313e-24,0,-19.216794831100618,-107.1816731704637,2.517664909362793
feeder4,-1.0438601014082367,-0.084,2.723860108415325,0.2499999827517041,-7007088132962755e-24,0,-19.216794831100618,-107.1816731704637,2.517664909362793
feeder5,-1.596738419406771,0.09969590213291543,3.855738474140141,0.249999980886703,-5473336996818263e-23,0,-19.216794831100618,-107.1816731704637,2.517664909362793
feeder6,-2.179121528507064,-0.21150000000000002,6.4091215832404345,0.249999980886703,-5473336996819977e-23,0,-19.216794831100618,-107.1816731704637,2.517664909362793
feeder7,-1.428380053640238,-0.10425000000000001,3.513380108373608,0.249999980886703,-54733369968130236e-24,0,-19.216794831100618,-107.1816731704637,2.517664909362793
feeder8,-2.301875728255221,-0.16245,5.550875782988591,0.249999980886703,-5473336996847614e-23,0,-19.216794831100618,-107.1816731704637,2.517664909362793
feeder9,-1.0570231104785122,-0.06455,2.3480231657149364,0.249999980259252,-55236424376493236e-24,0,-19.216794831100618,-107.1816731704637,2.517664909362793
feeder10,-1.0595597417799416,0.06218037335476018,2.675559797016366,0.249999980259252,-5523642437657605e-23,0,-19.216794831100618,-107.1816731704637,2.517664909362793
feeder11,-1.5781670474969824,-0.13345,4.247167102733407,0.249999980259252,-5523642437654421e-23,0,-19.216794831100618,-107.1816731704637,2.517664909362793
feeder12,-1.5119868555053442,-0.11025000000000001,3.7169869107417686,0.249999980259252,-552364243764916e-22,0,-19.216794831100618,-107.1816731704637,2.517664909362793
