Feeder,Pf,QF,Pg,B,R,P_rsrv,P_0,Cost,time
feeder1,1.2263258303847493,0.10952487480403889,2.130674184275481,0.2499999886503115,-1466023010587046e-23,0,11.662498626738262,31.721996264728077,1.9469189643859863
feeder2,0.8399249331492331,0.10880000000000001,1.3360750815109972,0.2499999886503115,-14660230105875595e-24,0,11.662498626738262,31.721996264728077,1.9469189643859863
feeder3,1.0657955295957102,-0.13635,1.6612044850645198,0.2499999886503115,-14660230105875986e-24,0,11.662498626738262,31.721996264728077,1.9469189643859863
feeder4,0.7107023069314224,-0.08660000000000001,1.0212977077288077,0.2499999886503115,-1466023010587671e-23,0,11.662498626738262,31.721996264728077,1.9469189643859863
feeder5,0.8363102026053062,0.057289481227912636,1.4456898128673679,0.24999998858064867,-1547267402608356e-23,0,11.662498626738262,31.721996264728077,1.9469189643859863
feeder6,1.8779319719648282,0.21405,2.4030680435078455,0.24999998858064867,-15472674026079967e-24,0,11.662498626738262,31.721996264728077,1.9469189643859863
feeder7,0.8196757373365671,-0.10685,1.317324278136107,0.24999998858064867,-1547267402607807e-23,0,11.662498626738262,31.721996264728077,1.9469189643859863
feeder8,1.3387269370429082,-0.171,2.0812730784297657,0.24999998858064867,-1547267402609879e-23,0,11.662498626738262,31.721996264728077,1.9469189643859863
feeder9,0.39971322099261974,0.060587596699418905,0.8802867941201962,0.24999998868460693,-15112815900780985e-24,0,11.662498626738262,31.721996264728077,1.9469189643859863
feeder10,0.7229179022809573,-0.0863,1.0030821128318586,0.24999998868460693,-1511281590076744e-23,0,11.662498626738262,31.721996264728077,1.9469189643859863
feeder11,1.0387136622865438,0.13155,1.5922863528262718,0.24999998868460693,-15112815900778526e-24,0,11.662498626738262,31.721996264728077,1.9469189643859863
feeder12,0.7844811380714702,-0.1089,1.3935188770413456,0.24999998868460693,-1511281590078791e-23,0,11.662498626738262,31.721996264728077,1.9469189643859863
