Feeder,Pf,QF,Pg,B,R,P_rsrv,P_0,Cost,time
feeder1,2.999999588635199,0.08013069898411596,0,0.24999997572903204,41136480089636695e-23,0,26.371537849541856,82.49896090598344,2.071619987487793
feeder2,1.9149995886351991,0.09575,0,0.24999997572903204,41136480089639135e-23,0,26.371537849541856,82.49896090598344,2.071619987487793
feeder3,2.365999588635199,-0.11830000000000002,0,0.24999997572903204,4113648008963876e-22,0,26.371537849541856,82.49896090598344,2.071619987487793
feeder4,1.3969995886351991,-0.06985000000000001,0,0.24999997572903204,41136480089618505e-23,0,26.371537849541856,82.49896090598344,2.071619987487793
feeder5,2.1849995887522127,0.06722715848261365,0,0.24999997609352628,41124778745581564e-23,0,26.371537849541856,82.49896090598344,2.071619987487793
feeder6,3.2649995887522127,0.16325,0,0.24999997609352628,41124778745601845e-23,0,26.371537849541856,82.49896090598344,2.071619987487793
feeder7,1.9729995887522127,-0.09865000000000002,0,0.24999997609352628,41124778745612253e-23,0,26.371537849541856,82.49896090598344,2.071619987487793
feeder8,3.0299995887522124,-0.1515,0,0.24999997609352628,41124778745606827e-23,0,26.371537849541856,82.49896090598344,2.071619987487793
feeder9,1.4249995898841823,0.04861398576252117,0,0.24999997591503567,4101158177784643e-22,0,26.371537849541856,82.49896090598344,2.071619987487793
feeder10,1.4119995898841822,-0.0706,0,0.24999997591503567,4101158177782877e-22,0,26.371537849541856,82.49896090598344,2.071619987487793
feeder11,2.294999589884182,0.11475,0,0.24999997591503567,41011581777854476e-23,0,26.371537849541856,82.49896090598344,2.071619987487793
feeder12,2.101999589884182,-0.1051,0,0.24999997591503567,4101158177784114e-22,0,26.371537849541856,82.49896090598344,2.071619987487793
