Feeder,Pf,QF,Pg,B,R,P_rsrv,B_rsrv,P_0,Cost,time,v_0,v,l,P_hat,Q_hat
feeder1,-1.2759350495375665,0.11386921371085024,4.720252339431621,0.11143326222399395,-0.08331728989405415,0.0,0.0,-9.499055570368526,-28.750471304424124,1.781,5315.575750946719,5316.44749851364,0.0020385772727757956,-3.2873884908718023,0.001566440328061721
feeder2,-0.6995967926723168,0.10885,2.959914082566371,0.11143326222382785,-0.08331728989405417,0.0,0.0,-9.499055570368526,-28.750471304424124,1.781,0.0,5316.530073610486,0.002439728580448623,-3.597052314327277,0.0015924706569174947
feeder3,-0.8638819873869548,-0.13665000000000002,3.6801992772772305,0.1114333072156482,-0.08331728989027568,0.0,0.0,-9.499055570368526,-28.750471304424124,1.781,0.0,5316.615426880004,0.0012897218582844814,-2.6146147651694474,0.0015176476453351705
feeder4,-0.44824527821070603,-0.08655000000000002,2.262562568100982,0.11143330721101542,-0.08331728989027606,0.0,0.0,-9.499055570368526,-28.750471304424124,1.781,0.0,0.0,0.0,0.0,0.0
feeder5,-0.8384343186213952,0.06314239611877831,3.202751626060831,0.11156290459681333,-0.0833173074394356,0.0,0.0,-9.499055570368526,-28.750471304424124,1.781,0.0,0.0,0.0,0.0,0.0
feeder6,-0.9583916979706422,0.2141,5.32370900541007,0.11156290472008308,-0.08331730743942753,0.0,0.0,-9.499055570368526,-28.750471304424124,1.781,0.0,0.0,0.0,0.0,0.0
feeder7,-0.6820566193847801,-0.10765000000000001,2.9183739268245215,0.11156289993504405,-0.08331730743974133,0.0,0.0,-9.499055570368526,-28.750471304424124,1.781,0.0,0.0,0.0,0.0,0.0
feeder8,-1.1184935517404349,-0.17045,4.610810859179862,0.11156290471978408,-0.08331730743942753,0.0,0.0,-9.499055570368526,-28.750471304424124,1.781,0.0,0.0,0.0,0.0,0.0
feeder9,-0.584864472610002,0.06222490407985601,1.9501817532152543,0.11147906644723547,-0.08331728060525237,0.0,0.0,-9.499055570368526,-28.750471304424124,1.781,0.0,0.0,0.0,0.0,0.0
feeder10,-0.4219052786608811,-0.08585000000000001,2.2222225592691482,0.1114790266469288,-0.08331728060826706,0.0,0.0,-9.499055570368526,-28.750471304424124,1.781,0.0,0.0,0.0,0.0,0.0
feeder11,-0.7922250898563848,0.13260000000000002,3.5275423704620095,0.1114790615348125,-0.08331728060562449,0.0,0.0,-9.499055570368526,-28.750471304424124,1.781,0.0,0.0,0.0,0.0,0.0
feeder12,-0.8158767244629542,-0.10940000000000001,3.0871940050712214,0.11147902664696951,-0.08331728060826706,0.0,0.0,-9.499055570368526,-28.750471304424124,1.781,0.0,0.0,0.0,0.0,0.0
